target_model,model,term,coef,std_err,t,p_value,ci_low,ci_high
Qwen_Qwen3-14B-Base,World-Knowledge Model,Intercept,-0.168126914211154,0.0541367430274289,-3.1055971380836644,0.0019024113278645,-0.2742413480160308,-0.0620124804062772
Qwen_Qwen3-14B-Base,World-Knowledge Model,C(semantic_role)[T.patient],-0.3051629034048367,0.06450904942932,-4.730544103570948,2.2591262924010085e-06,-0.4316082873100865,-0.178717519499587
Qwen_Qwen3-14B-Base,World-Knowledge Model,C(valence)[T.-val],0.0292808170376777,0.0645090494293203,0.4539024725478153,0.649905441121837,-0.0971645668675726,0.1557262009429281
Qwen_Qwen3-14B-Base,World-Knowledge Model,C(dominance)[T.-dom],0.0384849230448345,0.0337884135248908,1.138997633507827,0.2547219158108793,-0.0277443728059009,0.10471421889557
Qwen_Qwen3-14B-Base,World-Knowledge Model,C(semantic_role)[T.patient]:C(valence)[T.-val],-0.0147750218709333,0.0390154992881723,-0.3786962140815784,0.7049187025131745,-0.0912500254462566,0.0616999817043898
Qwen_Qwen3-14B-Base,World-Knowledge Model,C(semantic_role)[T.patient]:C(dominance)[T.-dom],-0.0513681411743171,0.0390154992881724,-1.3166085815000557,0.187989517846512,-0.1278431447496405,0.0251068624010062
Qwen_Qwen3-14B-Base,World-Knowledge Model,C(valence)[T.-val]:C(dominance)[T.-dom],-0.0567934036254789,0.0390154992881723,-1.455662612593967,0.1455063608869473,-0.1332684072008021,0.0196815999498441
Qwen_Qwen3-14B-Base,World-Knowledge Model,male_perc,0.0337092911046861,0.0007500081972816,44.94523023463449,0.0,0.0322391861306348,0.0351793960787373
Qwen_Qwen3-14B-Base,World-Knowledge Model,male_perc:C(semantic_role)[T.patient],0.0052619296576474,0.0008660348691899,6.075886600927816,1.262173031533072e-09,0.0035643986526364,0.0069594606626583
Qwen_Qwen3-14B-Base,World-Knowledge Model,male_perc:C(valence)[T.-val],0.0031704371025386,0.0008660348691899,3.66086541700579,0.0002522082374735,0.0014729060975276,0.0048679681075495
Qwen_Qwen3-14B-Base,Human-Perception Model,Intercept,-0.2360413944179903,0.0527685325443605,-4.473146836508273,7.763021070931268e-06,-0.339473972954488,-0.1326088158814926
Qwen_Qwen3-14B-Base,Human-Perception Model,C(syntactic_role)[T.subject],-0.1409372411784427,0.0639248081041885,-2.2047346774781813,0.0274874946760343,-0.2662374421857122,-0.0156370401711731
Qwen_Qwen3-14B-Base,Human-Perception Model,C(valence)[T.-val],0.0677492097277016,0.0609318529384554,1.1118849412988003,0.2662050368637774,-0.0516844443943449,0.1871828638497483
Qwen_Qwen3-14B-Base,Human-Perception Model,C(syntactic_role)[T.subject]:C(valence)[T.-val],-0.1485052108764644,0.0386621462748128,-3.8411010558203458,0.0001229761549555,-0.2242876002691843,-0.0727228214837445
Qwen_Qwen3-14B-Base,Human-Perception Model,C(syntactic_role)[non-subject]:C(dominance)[T.-dom],0.0188412348429322,0.0273382658061465,0.6891891013326876,0.4907146909128446,-0.0347450065911796,0.0724274762770442
Qwen_Qwen3-14B-Base,Human-Perception Model,C(syntactic_role)[subject]:C(dominance)[T.-dom],-0.0500329335530557,0.0273382658061464,-1.830142917909847,0.0672479504105797,-0.1036191749871675,0.0035533078810559
Qwen_Qwen3-14B-Base,Human-Perception Model,male_perc,0.0370209695448529,0.0007432155722636,49.8118862500369,0.0,0.0355641789285309,0.0384777601611749
Qwen_Qwen3-14B-Base,Human-Perception Model,male_perc:C(syntactic_role)[T.subject],-0.0013614272226858,0.0008581914214246,-1.586391087929751,0.1126712174606384,-0.0030435841316587,0.000320729686287
Qwen_Qwen3-14B-Base,Human-Perception Model,male_perc:C(valence)[T.-val],0.0031704371025383,0.0008581914214246,3.694323927492968,0.0002212380713244,0.0014882801935655,0.0048525940115112
Qwen_Qwen3-4B-Base,World-Knowledge Model,Intercept,-0.769554721341406,0.0580837845943476,-13.249045783016934,7.562609720698825e-40,-0.8834058250920804,-0.6557036175907316
Qwen_Qwen3-4B-Base,World-Knowledge Model,C(semantic_role)[T.patient],0.0303260598411328,0.0617183008817575,0.4913625198339907,0.6231770939548146,-0.0906491267118472,0.1513012463941128
Qwen_Qwen3-4B-Base,World-Knowledge Model,C(valence)[T.-val],0.1417583148151572,0.0617183008817575,2.296860295728873,0.0216401390059181,0.0207831282621771,0.2627335013681372
Qwen_Qwen3-4B-Base,World-Knowledge Model,C(dominance)[T.-dom],0.0800816773737272,0.0617183008817576,1.297535353851541,0.1944665491750746,-0.0408935091792529,0.2010568639267074
Qwen_Qwen3-4B-Base,World-Knowledge Model,C(semantic_role)[T.patient]:C(valence)[T.-val],0.0494787851969376,0.0373276361289079,1.3255268837830148,0.1850161871221551,-0.023687806879662,0.1226453772735372
Qwen_Qwen3-4B-Base,World-Knowledge Model,C(semantic_role)[T.patient]:C(dominance)[T.-dom],-0.1431280771891275,0.037327636128908,-3.834372921308118,0.0001263879172993,-0.2162946692657273,-0.0699614851125277
Qwen_Qwen3-4B-Base,World-Knowledge Model,C(valence)[T.-val]:C(dominance)[T.-dom],-0.1945512135823467,0.037327636128908,-5.211988589646547,1.892482897261201e-07,-0.2677178056589466,-0.1213846215057469
Qwen_Qwen3-4B-Base,World-Knowledge Model,male_perc,0.0394747943579532,0.0008285690318429,47.64213100042248,0.0,0.0378507008270692,0.0410988878888373
Qwen_Qwen3-4B-Base,World-Knowledge Model,male_perc:C(semantic_role)[T.patient],0.0026155913360228,0.0008285690318429,3.156757295412275,0.0015984267149108,0.0009914978051387,0.0042396848669068
Qwen_Qwen3-4B-Base,World-Knowledge Model,male_perc:C(valence)[T.-val],0.0010303890288916,0.0008285690318429,1.2435765630775053,0.213674439268643,-0.0005937045019923,0.0026544825597757
Qwen_Qwen3-4B-Base,World-Knowledge Model,male_perc:C(dominance)[T.-dom],0.0012083699107131,0.0008285690318429,1.4583816969667869,0.144755823944509,-0.0004157236201708,0.0028324634415972
Qwen_Qwen3-4B-Base,Human-Perception Model,Intercept,-0.6040106490421489,0.0565957336374424,-10.67237069337236,1.6978281221492215e-26,-0.7149449959360137,-0.493076302148284
Qwen_Qwen3-4B-Base,Human-Perception Model,C(syntactic_role)[T.subject],-0.3007620847573768,0.0580759656521337,-5.178770277517147,2.261766745382495e-07,-0.4145978618695176,-0.1869263076452361
Qwen_Qwen3-4B-Base,Human-Perception Model,C(valence)[T.-val],0.1664977074136222,0.0580759656521336,2.8668952043073843,0.0041508423092735,0.0526619303014816,0.2803334845257628
Qwen_Qwen3-4B-Base,Human-Perception Model,C(syntactic_role)[non-subject]:C(dominance)[T.-dom],-0.020769635899387,0.0609286404522746,-0.3408846110008953,0.7331951157154732,-0.1401969937812284,0.0986577219824543
Qwen_Qwen3-4B-Base,Human-Perception Model,C(syntactic_role)[subject]:C(dominance)[T.-dom],0.0378049134577178,0.0609286404522749,0.6204785332003301,0.5349519944987584,-0.081622444424124,0.1572322713395597
Qwen_Qwen3-4B-Base,Human-Perception Model,C(valence)[T.-val]:C(dominance)[T.-dom],-0.1945512135823487,0.0368500442840907,-5.279538121650025,1.3127448207479798e-07,-0.2667816686525719,-0.1223207585121255
Qwen_Qwen3-4B-Base,Human-Perception Model,male_perc,0.0418349125641829,0.0008179678297976,51.14493631679192,0.0,0.040231598654338,0.0434382264740279
Qwen_Qwen3-4B-Base,Human-Perception Model,male_perc:C(syntactic_role)[T.subject],-0.0021046450764365,0.0008179678297976,-2.573016932655305,0.0100909315152182,-0.0037079589862814,-0.0005013311665916
Qwen_Qwen3-4B-Base,Human-Perception Model,male_perc:C(valence)[T.-val],0.0010303890288917,0.0008179678297976,1.2596938306811742,0.2077989840979665,-0.0005729248809532,0.0026337029387366
Qwen_Qwen3-4B-Base,Human-Perception Model,male_perc:C(dominance)[T.-dom],0.0012083699107131,0.0008179678297975,1.4772829281222288,0.1396203279061857,-0.0003949439991317,0.002811683820558
Qwen_Qwen3-8B-Base,World-Knowledge Model,Intercept,-0.0301050846053308,0.0593962620074982,-0.5068515018930048,0.612266297218372,-0.1465287990843938,0.086318629873732
Qwen_Qwen3-8B-Base,World-Knowledge Model,C(semantic_role)[T.patient],-0.1790251435314935,0.0609497403869762,-2.9372585083192173,0.0033161994630025,-0.2984938597865759,-0.059556427276411
Qwen_Qwen3-8B-Base,World-Knowledge Model,C(valence)[T.-val],-0.0460743310839185,0.0639435741790565,-0.7205466956679641,0.4711994322607674,-0.1714113164661543,0.0792626542983173
Qwen_Qwen3-8B-Base,World-Knowledge Model,C(dominance)[T.-dom],-0.1496698453598846,0.0609497403869752,-2.455627282571142,0.0140748974847873,-0.2691385616149651,-0.0302011291048042
Qwen_Qwen3-8B-Base,World-Knowledge Model,C(semantic_role)[T.patient]:C(valence)[T.-val],0.1110776265462206,0.0386734961208757,2.8721899411173646,0.0040819621746559,0.0352729897204961,0.1868822633719451
Qwen_Qwen3-8B-Base,World-Knowledge Model,C(valence)[T.-val]:C(dominance)[T.-dom],0.0492894490560065,0.0386734961208754,1.2745020233482545,0.2025048491865561,-0.0265151877697173,0.1250940858817305
Qwen_Qwen3-8B-Base,World-Knowledge Model,male_perc,0.0368888191587995,0.0008584433562359,42.97175683267763,0.0,0.0352061684190905,0.0385714698985084
Qwen_Qwen3-8B-Base,World-Knowledge Model,male_perc:C(semantic_role)[T.patient],0.0035412849548928,0.0008584433562359,4.125240097867852,3.7229993053012535e-05,0.0018586342151838,0.0052239356946018
Qwen_Qwen3-8B-Base,World-Knowledge Model,male_perc:C(valence)[T.-val],0.0028277412703479,0.0008584433562359,3.29403361305847,0.0009898422249896,0.001145090530639,0.0045103920100569
Qwen_Qwen3-8B-Base,World-Knowledge Model,male_perc:C(dominance)[T.-dom],0.0010596483911136,0.0008584433562359,1.2343835891046768,0.2170788979086583,-0.0006230023485953,0.0027422991308225
Qwen_Qwen3-8B-Base,Human-Perception Model,Intercept,0.16792541932724,0.0596189526912516,2.816644904798555,0.0048590083634303,0.0510652041094669,0.284785634545013
Qwen_Qwen3-8B-Base,Human-Perception Model,C(syntactic_role)[T.subject],-0.5750861513965713,0.0633495300995246,-9.077986063875896,1.2381954643011842e-19,-0.6992587406017745,-0.4509135621913679
Qwen_Qwen3-8B-Base,Human-Perception Model,C(valence)[T.-val],0.0795511521110625,0.0633495300995236,1.2557496793754557,0.2092258560910502,-0.0446214370941387,0.2037237413162639
Qwen_Qwen3-8B-Base,Human-Perception Model,C(dominance)[T.-dom],-0.1922023211492794,0.0633495300995243,-3.033997582102389,0.0024173997176161,-0.3163749103544822,-0.0680297319440766
Qwen_Qwen3-8B-Base,Human-Perception Model,C(syntactic_role)[T.subject]:C(valence)[T.-val],-0.1401733398437482,0.0383142143368903,-3.65852053264692,0.0002545246458959,-0.2152737421687608,-0.0650729375187357
Qwen_Qwen3-8B-Base,Human-Perception Model,C(syntactic_role)[T.subject]:C(dominance)[T.-dom],0.0850649515787806,0.0383142143368903,2.220193028906167,0.0264202168408323,0.009964549253768,0.1601653539037933
Qwen_Qwen3-8B-Base,Human-Perception Model,C(valence)[T.-val]:C(dominance)[T.-dom],0.049289449056003,0.0383142143368903,1.2864533413789807,0.1983042958492444,-0.0258109532690095,0.1243898513810157
Qwen_Qwen3-8B-Base,Human-Perception Model,male_perc,0.0365272520808392,0.000850468306359,42.9495747316167,0.0,0.0348602333757019,0.0381942707859765
Qwen_Qwen3-8B-Base,Human-Perception Model,male_perc:C(syntactic_role)[T.subject],0.0042644191108133,0.000850468306359,5.01420109241903,5.384818711883099e-07,0.0025974004056759,0.0059314378159506
Qwen_Qwen3-8B-Base,Human-Perception Model,male_perc:C(valence)[T.-val],0.0028277412703479,0.000850468306359,3.324922574074397,0.0008865033223807,0.0011607225652106,0.0044947599754852
Qwen_Qwen3-8B-Base,Human-Perception Model,male_perc:C(dominance)[T.-dom],0.0010596483911136,0.000850468306359,1.2459587067390612,0.2127985725375779,-0.0006073703140236,0.0027266670962509
allenai_Olmo-3-1025-7B,World-Knowledge Model,Intercept,-0.7437407128007278,0.0305351479231989,-24.356872764178537,1.333434896334502e-128,-0.803593220887045,-0.6838882047144107
allenai_Olmo-3-1025-7B,World-Knowledge Model,C(dominance)[T.-dom],-0.0247319221496607,0.0193749951560179,-1.276486623635563,0.2018028575736559,-0.0627092084285618,0.0132453641292403
allenai_Olmo-3-1025-7B,World-Knowledge Model,male_perc,0.041334141472685,0.0004757743394889,86.87761832024414,0.0,0.0404015673920502,0.0422667155533197
allenai_Olmo-3-1025-7B,World-Knowledge Model,male_perc:C(semantic_role)[T.patient],0.0010487544596191,0.0002877514638314,3.644653777447291,0.0002686353231804,0.0004847274943941,0.0016127814248442
allenai_Olmo-3-1025-7B,World-Knowledge Model,male_perc:C(valence)[T.-val],0.0027679393205213,0.0002877514638314,9.61920152782567,7.645343172211252e-22,0.0022039123552962,0.0033319662857463
allenai_Olmo-3-1025-7B,Human-Perception Model,Intercept,-0.6664700826510805,0.0450925466762684,-14.78004973717385,4.284467377536825e-49,-0.754856818583659,-0.578083346718502
allenai_Olmo-3-1025-7B,Human-Perception Model,C(syntactic_role)[T.subject],-0.1469231605529854,0.0334015729897043,-4.398689864045414,1.0963949444439147e-05,-0.2123942024253547,-0.081452118680616
allenai_Olmo-3-1025-7B,Human-Perception Model,C(syntactic_role)[non-subject]:C(valence)[T.-val],0.0538257695265321,0.0607847610187567,0.8855142082391804,0.3758932293856287,-0.0653195663858714,0.1729711054389358
allenai_Olmo-3-1025-7B,Human-Perception Model,C(syntactic_role)[subject]:C(valence)[T.-val],-0.069061969019193,0.0607847610187559,-1.136172419891279,0.2559021463065402,-0.1882073049315952,0.050083366893209
allenai_Olmo-3-1025-7B,Human-Perception Model,C(syntactic_role)[non-subject]:C(dominance)[T.-dom],0.002207247416175,0.0272722701437013,0.0809337618227161,0.9354956849793212,-0.0512496344223902,0.0556641292547404
allenai_Olmo-3-1025-7B,Human-Perception Model,C(syntactic_role)[subject]:C(dominance)[T.-dom],-0.051671091715494,0.0272722701437013,-1.8946384530232356,0.0581590902566102,-0.1051279735540594,0.0017857901230712
allenai_Olmo-3-1025-7B,Human-Perception Model,male_perc,0.0418052073852113,0.000605368054679,69.05750487176638,0.0,0.0406186142487652,0.0429918005216575
allenai_Olmo-3-1025-7B,Human-Perception Model,male_perc:C(valence)[T.-val],0.002874561955088,0.0008561197131545,3.3576635497576937,0.0007879519391381,0.001196465848507,0.0045526580616689
allenai_Olmo-3-1125-32B,World-Knowledge Model,Intercept,-0.9644042638097432,0.0638587226150428,-15.102154009929478,3.653413421850411e-51,-1.0895749307111262,-0.8392335969083601
allenai_Olmo-3-1125-32B,World-Knowledge Model,C(semantic_role)[T.patient],-0.1115516195774319,0.0678545980398034,-1.6439802577858595,0.1002007604860063,-0.2445546760301574,0.0214514368752935
allenai_Olmo-3-1125-32B,World-Knowledge Model,C(dominance)[T.-dom],-0.0156900721201281,0.0678545980398054,-0.2312307872036006,0.8171385954340281,-0.1486931285728575,0.1173129843326013
allenai_Olmo-3-1125-32B,World-Knowledge Model,C(semantic_role)[agent]:C(valence)[T.-val],-0.0112524493108577,0.0678545980398047,-0.1658317879100381,0.8682915134418813,-0.1442555057635857,0.1217506071418701
allenai_Olmo-3-1125-32B,World-Knowledge Model,C(semantic_role)[patient]:C(valence)[T.-val],-0.0688372754623792,0.0678545980398047,-1.0144821051330684,0.3103687549509196,-0.2018403319151072,0.0641657809903487
allenai_Olmo-3-1125-32B,World-Knowledge Model,C(semantic_role)[T.patient]:C(dominance)[T.-dom],-0.0271994908650726,0.0410389091909007,-0.662773241329313,0.5074857459212846,-0.1076406181218255,0.0532416363916802
allenai_Olmo-3-1125-32B,World-Knowledge Model,C(valence)[T.-val]:C(dominance)[T.-dom],0.0359806696573951,0.0410389091909008,0.8767452733702952,0.3806387316563395,-0.044460457599358,0.1164217969141482
allenai_Olmo-3-1125-32B,World-Knowledge Model,male_perc,0.0454661792444004,0.0009109489049551,49.91078972386264,0.0,0.0436806113959219,0.0472517470928788
allenai_Olmo-3-1125-32B,World-Knowledge Model,male_perc:C(semantic_role)[T.patient],0.0025507458033946,0.0009109489049551,2.800097557085499,0.0051150995165814,0.0007651779549162,0.0043363136518731
allenai_Olmo-3-1125-32B,World-Knowledge Model,male_perc:C(valence)[T.-val],0.0023702961345905,0.0009109489049551,2.602007776393586,0.009276876464944,0.0005847282861121,0.0041558639830689
allenai_Olmo-3-1125-32B,World-Knowledge Model,male_perc:C(dominance)[T.-dom],-0.0015366306294176,0.0009109489049551,-1.686846123925278,0.0916532646239027,-0.003322198477896,0.0002489372190608
allenai_Olmo-3-1125-32B,Human-Perception Model,Intercept,-0.8057106347135202,0.062064330088895,-12.981863069487693,2.4678438646337656e-38,-0.927364079534926,-0.6840571898921145
allenai_Olmo-3-1125-32B,Human-Perception Model,C(syntactic_role)[T.subject],-0.4289388777698781,0.0659479237656983,-6.504205944281496,8.052042858748926e-11,-0.5582046266054101,-0.2996731289343461
allenai_Olmo-3-1125-32B,Human-Perception Model,C(dominance)[T.-dom],-0.0857174234995269,0.0659479237656976,-1.2997744069103252,0.1936978190571772,-0.2149831723350575,0.0435483253360035
allenai_Olmo-3-1125-32B,Human-Perception Model,C(syntactic_role)[non-subject]:C(valence)[T.-val],0.0126338498224463,0.0659479237656986,0.1915731246874757,0.8480791300021442,-0.1166318990130862,0.1418995986579788
allenai_Olmo-3-1125-32B,Human-Perception Model,C(syntactic_role)[subject]:C(valence)[T.-val],-0.092723574595684,0.0659479237656986,-1.4060120364837343,0.1597407934175211,-0.2219893234312167,0.0365421742398485
allenai_Olmo-3-1125-32B,Human-Perception Model,C(syntactic_role)[T.subject]:C(dominance)[T.-dom],0.1128552118937224,0.0398857399930553,2.829462657916641,0.0046686735369759,0.0346744329752001,0.1910359908122447
allenai_Olmo-3-1125-32B,Human-Perception Model,C(valence)[T.-val]:C(dominance)[T.-dom],0.0359806696573938,0.0398857399930556,0.9020935718795304,0.3670213186005631,-0.0422001092611291,0.1141614485759167
allenai_Olmo-3-1125-32B,Human-Perception Model,male_perc,0.0480722840737902,0.0008853517767976,54.29738250220812,0.0,0.0463368896310899,0.0498076785164904
allenai_Olmo-3-1125-32B,Human-Perception Model,male_perc:C(syntactic_role)[T.subject],-0.0026614638553849,0.0008853517767976,-3.0061088994610032,0.0026504206019253,-0.0043968582980852,-0.0009260694126846
allenai_Olmo-3-1125-32B,Human-Perception Model,male_perc:C(valence)[T.-val],0.0023702961345905,0.0008853517767976,2.6772365478997417,0.0074311138908286,0.0006349016918903,0.0041056905772908
allenai_Olmo-3-1125-32B,Human-Perception Model,male_perc:C(dominance)[T.-dom],-0.0015366306294176,0.0008853517767976,-1.7356159096169763,0.0826518400497015,-0.0032720250721178,0.0001987638132826
google_gemma-3-12b-pt,World-Knowledge Model,Intercept,-0.524355784728555,0.0544031963738802,-9.638326783687036,6.354551935170955e-22,-0.6309924992262136,-0.4177190702308965
google_gemma-3-12b-pt,World-Knowledge Model,C(valence)[T.-val],-0.0397829941559888,0.0578074047030905,-0.6881989316130277,0.4913379170089283,-0.153092360554425,0.0735263722424473
google_gemma-3-12b-pt,World-Knowledge Model,C(dominance)[T.-dom],0.014309380391051,0.0578074047030909,0.247535423265351,0.8044971914557318,-0.0989999860073858,0.1276187467894879
google_gemma-3-12b-pt,World-Knowledge Model,C(semantic_role)[T.patient]:C(valence)[+val],0.0112924127229648,0.0578074047030912,0.1953454368166945,0.845125114428341,-0.1020169536754728,0.1246017791214024
google_gemma-3-12b-pt,World-Knowledge Model,C(semantic_role)[T.patient]:C(valence)[-val],0.0488595513948486,0.057807404703091,0.8452126789950141,0.3980052792222673,-0.0644498150035886,0.1621689177932858
google_gemma-3-12b-pt,World-Knowledge Model,C(semantic_role)[T.patient]:C(dominance)[T.-dom],-0.0386423746744762,0.0349623002818491,-1.1052583600895851,0.2690649796002685,-0.1071726280756706,0.0298878787267181
google_gemma-3-12b-pt,World-Knowledge Model,C(valence)[T.-val]:C(dominance)[T.-dom],-0.0498906453450428,0.0349623002818485,-1.4269840640589848,0.1536048295159713,-0.118420898746236,0.0186396080561504
google_gemma-3-12b-pt,World-Knowledge Model,male_perc,0.0399271698435791,0.0007760651972573,51.44821592912837,0.0,0.0384059900529145,0.0414483496342437
google_gemma-3-12b-pt,World-Knowledge Model,male_perc:C(semantic_role)[T.patient],-0.0004091818373939,0.0007760651972573,-0.5272518840426843,0.5980263032254184,-0.0019303616280584,0.0011119979532706
google_gemma-3-12b-pt,World-Knowledge Model,male_perc:C(valence)[T.-val],0.0018299398805684,0.0007760651972573,2.35797183926742,0.0183875591556366,0.0003087600899038,0.003351119671233
google_gemma-3-12b-pt,World-Knowledge Model,male_perc:C(dominance)[T.-dom],0.0004849259353072,0.0007760651972573,0.6248520575603116,0.5320774488680526,-0.0010362538553573,0.0020061057259718
google_gemma-3-12b-pt,Human-Perception Model,Intercept,-0.4567297295800823,0.0483524271561635,-9.445849080233042,4.022958550025955e-21,-0.5515062185936201,-0.3619532405665444
google_gemma-3-12b-pt,Human-Perception Model,C(syntactic_role)[T.subject],-0.1547296120234227,0.0576164900031807,-2.685509166123809,0.0072497244252422,-0.26766476239651,-0.0417944616503355
google_gemma-3-12b-pt,Human-Perception Model,C(syntactic_role)[non-subject]:C(valence)[T.-val],-0.0047472885895699,0.0576164900031807,-0.0823946163556277,0.9343339913348118,-0.1176824389626571,0.1081878617835173
google_gemma-3-12b-pt,Human-Perception Model,C(syntactic_role)[subject]:C(valence)[T.-val],-0.037251561050497,0.0576164900031809,-0.6465433949280908,0.5179371697429491,-0.1501867114235845,0.0756835893225905
google_gemma-3-12b-pt,Human-Perception Model,C(syntactic_role)[non-subject]:C(dominance)[T.-dom],-0.0144337972005202,0.0301782433209343,-0.4782848705612924,0.6324542747474189,-0.0735867314951499,0.0447191370941093
google_gemma-3-12b-pt,Human-Perception Model,C(syntactic_role)[subject]:C(dominance)[T.-dom],0.0659500122070431,0.0301782433209343,2.1853496078512373,0.0288782848654524,0.0067970779124134,0.1251029465016728
google_gemma-3-12b-pt,Human-Perception Model,C(valence)[T.-val]:C(dominance)[T.-dom],-0.0498906453450626,0.034846833810023,-1.431712436689516,0.1522464959646215,-0.118194570421784,0.0184132797316587
google_gemma-3-12b-pt,Human-Perception Model,male_perc,0.0402922424584861,0.0006698725246033,60.1491193900583,0.0,0.0389792129023174,0.0416052720146549
google_gemma-3-12b-pt,Human-Perception Model,male_perc:C(syntactic_role)[T.subject],-0.0006544011319007,0.0007735021648049,-0.8460236592431774,0.3975527338898499,-0.0021705570673167,0.0008617548035151
google_gemma-3-12b-pt,Human-Perception Model,male_perc:C(valence)[T.-val],0.0018299398805684,0.0007735021648049,2.3657850796446818,0.0180042387221431,0.0003137839451524,0.0033460958159843
google_gemma-3-27b-pt,World-Knowledge Model,Intercept,-0.4942585133613713,0.0563545686771309,-8.770513641814887,1.9627089918584927e-18,-0.6047201489123872,-0.3837968778103554
google_gemma-3-27b-pt,World-Knowledge Model,C(semantic_role)[T.patient],0.0466108691162224,0.0598808815570069,0.7783931683077953,0.4363492639214125,-0.070762757730608,0.163984495963053
google_gemma-3-27b-pt,World-Knowledge Model,C(valence)[T.-val],-0.0496922766643433,0.0598808815570069,-0.8298521226184022,0.4066353031537654,-0.1670659035111738,0.0676813501824871
google_gemma-3-27b-pt,World-Knowledge Model,C(dominance)[T.-dom],0.1353275108862178,0.059880881557007,2.259945200662836,0.0238386074260833,0.0179538840393871,0.2527011377330485
google_gemma-3-27b-pt,World-Knowledge Model,C(semantic_role)[T.patient]:C(valence)[T.-val],0.0136048634846972,0.0362163527819811,0.3756552617707589,0.7071783929599256,-0.0573834814871214,0.084593208456516
google_gemma-3-27b-pt,World-Knowledge Model,C(semantic_role)[T.patient]:C(dominance)[T.-dom],-0.0644329071044923,0.0362163527819812,-1.7791108754758336,0.0752413704151906,-0.1354212520763112,0.0065554378673265
google_gemma-3-27b-pt,World-Knowledge Model,C(valence)[T.-val]:C(dominance)[T.-dom],-0.0666200002034397,0.0362163527819812,-1.839500531831169,0.0658609006111111,-0.1376083451752586,0.0043683447683791
google_gemma-3-27b-pt,World-Knowledge Model,male_perc,0.0409475800330978,0.0008039016523258,50.93605656192865,0.0,0.039371837490433,0.0425233225757625
google_gemma-3-27b-pt,World-Knowledge Model,male_perc:C(semantic_role)[T.patient],0.0004839946096627,0.0008039016523258,0.602056990755524,0.5471450952762732,-0.001091747933002,0.0020597371523274
google_gemma-3-27b-pt,World-Knowledge Model,male_perc:C(valence)[T.-val],0.0029662189272219,0.0008039016523258,3.689778368585301,0.0002252252910881,0.0013904763845571,0.0045419614698867
google_gemma-3-27b-pt,World-Knowledge Model,male_perc:C(dominance)[T.-dom],-0.0012852612348188,0.0008039016523258,-1.5987791928282815,0.1098902569248699,-0.0028610037774836,0.0002904813078459
google_gemma-3-27b-pt,Human-Perception Model,Intercept,-0.4665087320261395,0.0562323021565923,-8.296098757028188,1.1644715389482842e-16,-0.5767307107019658,-0.3562867533503134
google_gemma-3-27b-pt,Human-Perception Model,C(syntactic_role)[T.subject],-0.0088886935542354,0.0597509643700512,-0.1487623446407612,0.8817431188657922,-0.1260076673126973,0.1082302802042264
google_gemma-3-27b-pt,Human-Perception Model,C(dominance)[T.-dom],0.0734201876847214,0.0597509643700506,1.2287699195951782,0.2191769212670795,-0.0436987860737391,0.190539161443182
google_gemma-3-27b-pt,Human-Perception Model,C(syntactic_role)[non-subject]:C(valence)[T.-val],-0.030031708427038,0.0597509643700515,-0.5026146229380452,0.6152424572527067,-0.1471506821855004,0.0870872653314243
google_gemma-3-27b-pt,Human-Perception Model,C(syntactic_role)[subject]:C(valence)[T.-val],-0.0557479814169392,0.0597509643700515,-0.933005550700054,0.3508317784698037,-0.1728669551754017,0.0613709923415231
google_gemma-3-27b-pt,Human-Perception Model,C(syntactic_role)[T.subject]:C(dominance)[T.-dom],0.0593817392985048,0.0361377780089835,1.6432039425263774,0.1003612268677789,-0.0114525898030462,0.130216068400056
google_gemma-3-27b-pt,Human-Perception Model,C(valence)[T.-val]:C(dominance)[T.-dom],-0.0666200002034453,0.0361377780089838,-1.843500178314328,0.0652752811161466,-0.1374543293049971,0.0042143288981063
google_gemma-3-27b-pt,Human-Perception Model,male_perc,0.0424112653762175,0.0008021575123174,52.87149309826697,0.0,0.0408389415547403,0.0439835891976946
google_gemma-3-27b-pt,Human-Perception Model,male_perc:C(syntactic_role)[T.subject],-0.0024433760765765,0.0008021575123175,-3.0460053531350204,0.0023229718497656,-0.0040156998980537,-0.0008710522550993
google_gemma-3-27b-pt,Human-Perception Model,male_perc:C(valence)[T.-val],0.0029662189272218,0.0008021575123175,3.6978010947653135,0.0002182330258934,0.0013938951057446,0.004538542748699
google_gemma-3-27b-pt,Human-Perception Model,male_perc:C(dominance)[T.-dom],-0.0012852612348188,0.0008021575123174,-1.6022554362242607,0.1091197133216507,-0.002857585056296,0.0002870625866583
google_gemma-3-4b-pt,World-Knowledge Model,Intercept,-0.5493413730945734,0.0512365453785539,-10.72167081203158,1.0014052950471679e-26,-0.6497710762287515,-0.4489116699603953
google_gemma-3-4b-pt,World-Knowledge Model,C(semantic_role)[T.patient],-0.2266593378221596,0.0544426046942393,-4.163271377170957,3.15432321236433e-05,-0.3333732972996551,-0.1199453783446641
google_gemma-3-4b-pt,World-Knowledge Model,C(valence)[T.-val],0.0645298329798608,0.0544426046942392,1.1852818824939306,0.2359243645778196,-0.0421841264976345,0.1712437924573562
google_gemma-3-4b-pt,World-Knowledge Model,C(dominance)[T.-dom],0.032135914899762,0.0544426046942393,0.5902714442162313,0.5550173705921551,-0.0745780445777335,0.1388498743772576
google_gemma-3-4b-pt,World-Knowledge Model,C(semantic_role)[T.patient]:C(valence)[T.-val],0.0765579223632789,0.0329272470061989,2.3250629592223704,0.0200815651086029,0.0120166146418869,0.141099230084671
google_gemma-3-4b-pt,World-Knowledge Model,C(semantic_role)[T.patient]:C(dominance)[T.-dom],0.0200986226399737,0.032927247006199,0.6103948695191519,0.5416093032185598,-0.0444426850814184,0.0846399303613659
google_gemma-3-4b-pt,World-Knowledge Model,C(valence)[T.-val]:C(dominance)[T.-dom],-0.1654533386230375,0.032927247006199,-5.0248154238916,5.095831332659191e-07,-0.2299946463444296,-0.1009120309016453
google_gemma-3-4b-pt,World-Knowledge Model,male_perc,0.0365425794922887,0.0007308927112062,49.99718690856631,0.0,0.0351099431295705,0.037975215855007
google_gemma-3-4b-pt,World-Knowledge Model,male_perc:C(semantic_role)[T.patient],0.0024815325687483,0.0007308927112062,3.395207710653972,0.0006875021973303,0.00104889620603,0.0039141689314666
google_gemma-3-4b-pt,World-Knowledge Model,male_perc:C(valence)[T.-val],0.0015699358428458,0.0007308927112062,2.1479703091509164,0.0317317183339865,0.0001372994801276,0.0030025722055641
google_gemma-3-4b-pt,World-Knowledge Model,male_perc:C(dominance)[T.-dom],0.0013556091329243,0.0007308927112062,1.8547306768007596,0.0636538594797756,-7.702722979390582e-05,0.0027882454956426
google_gemma-3-4b-pt,Human-Perception Model,Intercept,-0.5638255006940679,0.0494875439631595,-11.393281127748052,5.9585921706244125e-30,-0.6608269532081945,-0.4668240481799413
google_gemma-3-4b-pt,Human-Perception Model,C(syntactic_role)[T.subject],-0.1976910826231827,0.050781864969261,-3.89294648282114,9.94529179778565e-05,-0.2972295577405094,-0.0981526075058561
google_gemma-3-4b-pt,Human-Perception Model,C(valence)[T.-val],0.1344768849818115,0.0532762556328569,2.5241429485685534,0.0116080754540184,0.0300491084740864,0.2389046614895366
google_gemma-3-4b-pt,Human-Perception Model,C(dominance)[T.-dom],0.0421852262197468,0.0507818649692608,0.8307143947013814,0.4061479129320506,-0.0573532488975794,0.1417237013370731
google_gemma-3-4b-pt,Human-Perception Model,C(syntactic_role)[T.subject]:C(valence)[T.-val],-0.0633361816406249,0.0322218313881319,-1.9656294788989876,0.0493594257948621,-0.1264947907977265,-0.0001775724835232
google_gemma-3-4b-pt,Human-Perception Model,C(valence)[T.-val]:C(dominance)[T.-dom],-0.1654533386230398,0.0322218313881319,-5.134821066811864,2.858662451794443e-07,-0.2286119477801415,-0.1022947294659382
google_gemma-3-4b-pt,Human-Perception Model,male_perc,0.0392787581205752,0.0007152344591356,54.91731783735046,0.0,0.0378768137954343,0.040680702445716
google_gemma-3-4b-pt,Human-Perception Model,male_perc:C(syntactic_role)[T.subject],-0.0029908246878246,0.0007152344591356,-4.181600382396638,2.910707626378136e-05,-0.0043927690129655,-0.0015888803626838
google_gemma-3-4b-pt,Human-Perception Model,male_perc:C(valence)[T.-val],0.0015699358428459,0.0007152344591355,2.1949946941081344,0.0281788991750532,0.0001679915177051,0.0029718801679867
google_gemma-3-4b-pt,Human-Perception Model,male_perc:C(dominance)[T.-dom],0.0013556091329244,0.0007152344591356,1.895335320620336,0.0580667604768485,-4.633519221634635e-05,0.0027575534580653
gpt2,World-Knowledge Model,Intercept,-0.3580744665845649,0.0510175501667202,-7.018652707047149,2.334002287152243e-12,-0.4580749131412402,-0.2580740200278896
gpt2,World-Knowledge Model,C(semantic_role)[T.patient],-0.1001336963773383,0.0542099061455822,-1.847147569457628,0.0647449885048207,-0.2063915391125999,0.0061241463579232
gpt2,World-Knowledge Model,C(valence)[T.-val],0.1018037959419387,0.0542099061455822,1.8779555837735964,0.0604061848940516,-0.0044540467933228,0.2080616386772002
gpt2,World-Knowledge Model,C(dominance)[T.-dom],-0.0877144444393642,0.0542099061455822,-1.6180519516821252,0.1056719495070436,-0.1939722871746259,0.0185433982958974
gpt2,World-Knowledge Model,C(semantic_role)[T.patient]:C(valence)[T.-val],0.020904863460489,0.0327865093865967,0.6376056448703578,0.5237399310544707,-0.0433605818417637,0.0851703087627417
gpt2,World-Knowledge Model,C(semantic_role)[T.patient]:C(dominance)[T.-dom],0.0486660196093106,0.0327865093865967,1.484330614017894,0.1377417670634371,-0.0155994256929422,0.1129314649115635
gpt2,World-Knowledge Model,C(valence)[T.-val]:C(dominance)[T.-dom],-0.0414623853031234,0.0327865093865967,-1.2646172489491505,0.2060277678603759,-0.1057278306053763,0.0228030599991293
gpt2,World-Knowledge Model,male_perc,0.029670383738179,0.000727768730014,40.76897304670848,0.0,0.0282438707489516,0.0310968967274064
gpt2,World-Knowledge Model,male_perc:C(semantic_role)[T.patient],-0.0005544723618402,0.000727768730014,-0.7618798925719277,0.4461433981294155,-0.0019809853510677,0.0008720406273871
gpt2,World-Knowledge Model,male_perc:C(valence)[T.-val],0.000143264549283,0.000727768730014,0.1968544997533609,0.8439440072001844,-0.0012832484399443,0.0015697775385104
gpt2,World-Knowledge Model,male_perc:C(dominance)[T.-dom],0.000570288264808,0.000727768730014,0.7836119378158762,0.4332799401691398,-0.0008562247244193,0.0019968012540354
gpt2,Human-Perception Model,Intercept,-0.4158689156163632,0.0356491050633788,-11.665620073126934,2.589039882475593e-31,-0.4857453856581143,-0.345992445574612
gpt2,Human-Perception Model,C(valence)[T.-val],0.0915250350206217,0.0490614319877853,1.8655190301703453,0.062127742845816,-0.0046411850403024,0.1876912550815458
gpt2,Human-Perception Model,C(dominance)[T.-dom],-0.0479262329484531,0.0164129994179948,-2.9200167335598506,0.0035052145873196,-0.0800976566093784,-0.0157548092875278
gpt2,Human-Perception Model,male_perc,0.0296782916896629,0.000515230022279,57.60202318643106,0.0,0.0286683797955947,0.0306882035837311
gpt2,Human-Perception Model,male_perc:C(valence)[T.-val],0.0001432645492829,0.0007286452852488,0.1966176851526199,0.8441293321272508,-0.0012849665481101,0.0015714956466761
mistralai_Mistral-7B-v0.3,World-Knowledge Model,Intercept,-0.1422001936698328,0.0551258850656046,-2.579553933702873,0.0099020139418283,-0.2502534636794227,-0.034146923660243
mistralai_Mistral-7B-v0.3,World-Knowledge Model,C(semantic_role)[T.patient],-0.0998302214010361,0.0585753146874533,-1.7043053363641492,0.0883442976462019,-0.2146447824060472,0.0149843396039749
mistralai_Mistral-7B-v0.3,World-Knowledge Model,C(valence)[T.-val],-0.1320828800564057,0.0585753146874533,-2.25492395151737,0.0241521333829493,-0.2468974410614168,-0.0172683190513946
mistralai_Mistral-7B-v0.3,World-Knowledge Model,C(dominance)[T.-dom],-0.0002589900944911,0.0585753146874534,-0.0044214887427086,0.9964722313514848,-0.1150735510995024,0.11455557091052
mistralai_Mistral-7B-v0.3,World-Knowledge Model,C(semantic_role)[T.patient]:C(valence)[T.-val],0.0510363896687795,0.0354267373137585,1.440617836657476,0.1497130760660175,-0.0184042153748717,0.1204769947124307
mistralai_Mistral-7B-v0.3,World-Knowledge Model,C(semantic_role)[T.patient]:C(dominance)[T.-dom],-0.0565707524617515,0.0354267373137586,-1.5968377770927633,0.1103224586184508,-0.1260113575054029,0.0128698525818998
mistralai_Mistral-7B-v0.3,World-Knowledge Model,C(valence)[T.-val]:C(dominance)[T.-dom],-0.0490007400512586,0.0354267373137585,-1.3831570098392427,0.1666368466928012,-0.11844134509491,0.0204398649923926
mistralai_Mistral-7B-v0.3,World-Knowledge Model,male_perc,0.0372427966190932,0.00078637439928,47.36013361217053,0.0,0.0357014095702882,0.0387841836678982
mistralai_Mistral-7B-v0.3,World-Knowledge Model,male_perc:C(semantic_role)[T.patient],0.0021090774943937,0.00078637439928,2.6820271569428344,0.0073255830413763,0.0005676904455886,0.0036504645431987
mistralai_Mistral-7B-v0.3,World-Knowledge Model,male_perc:C(valence)[T.-val],0.0028715326988601,0.00078637439928,3.651610100086035,0.0002614675731259,0.0013301456500551,0.004412919747665
mistralai_Mistral-7B-v0.3,World-Knowledge Model,male_perc:C(dominance)[T.-dom],-0.0003304010026571,0.00078637439928,-0.4201573740951823,0.674376373097332,-0.0018717880514621,0.0012109860461478
mistralai_Mistral-7B-v0.3,Human-Perception Model,Intercept,-0.0650659393387892,0.0550953109407371,-1.1809705440954303,0.2376327240824026,-0.1730592804390168,0.0429274017614382
mistralai_Mistral-7B-v0.3,Human-Perception Model,C(syntactic_role)[T.subject],-0.2540987300630996,0.0585428274270079,-4.340390466789692,1.431397751556172e-05,-0.3688496121862097,-0.1393478479399894
mistralai_Mistral-7B-v0.3,Human-Perception Model,C(valence)[T.-val],-0.1020764713650025,0.058542827427007,-1.743620454483079,0.0812453150496087,-0.2168273534881109,0.0126744107581058
mistralai_Mistral-7B-v0.3,Human-Perception Model,C(dominance)[T.-dom],-0.0381189703597969,0.0585428274270077,-0.6511296436326779,0.514972549890387,-0.1528698524829065,0.0766319117633127
mistralai_Mistral-7B-v0.3,Human-Perception Model,C(syntactic_role)[T.subject]:C(valence)[T.-val],-0.008976427714029,0.0354070888040067,-0.2535206371728956,0.7998693113058206,-0.0783785193491976,0.0604256639211395
mistralai_Mistral-7B-v0.3,Human-Perception Model,C(syntactic_role)[T.subject]:C(dominance)[T.-dom],0.0191492080688519,0.0354070888040067,0.5408297805801252,0.5886327623324062,-0.0502528835663166,0.0885512997040205
mistralai_Mistral-7B-v0.3,Human-Perception Model,C(valence)[T.-val]:C(dominance)[T.-dom],-0.0490007400512562,0.0354070888040067,-1.3839245672666305,0.1664016762712667,-0.1184028316864248,0.0204013515839124
mistralai_Mistral-7B-v0.3,Human-Perception Model,male_perc,0.0369596238439492,0.000785938257365,47.026116234447166,0.0,0.035419091685003,0.0385001560028954
mistralai_Mistral-7B-v0.3,Human-Perception Model,male_perc:C(syntactic_role)[T.subject],0.0026754230446817,0.000785938257365,3.4041135160556477,0.0006654890921497,0.0011348908857355,0.0042159552036279
mistralai_Mistral-7B-v0.3,Human-Perception Model,male_perc:C(valence)[T.-val],0.00287153269886,0.000785938257365,3.6536364936440617,0.0002594134644454,0.0013310005399138,0.0044120648578062
mistralai_Mistral-7B-v0.3,Human-Perception Model,male_perc:C(dominance)[T.-dom],-0.0003304010026571,0.000785938257365,-0.4203905326671122,0.6742060681219696,-0.0018709331616033,0.001210131156289
