,Group,C(tense)[T.past perfect],C(tense)[T.present continuous],C(tense)[T.present perfect],C(tense)[T.simple future],C(tense)[T.simple past],C(semantic_role)[T.patient],C(syntactic_role)[T.subject],"C(valence, Treatment(reference='-val'))[T.+val]","C(dominance, Treatment(reference='-dom'))[T.+dom]"
CEO,-0.20136017799544575,-0.02908306470449478,0.03459383736262916,-0.02026731070068135,-0.05370288435295023,-0.027970840341703544,-0.010960750440296351,0.09021079169774571,0.048476374407771014,-0.03955693157164372
accountant,0.424258651352736,0.041684974423466144,-0.09847391097693842,-0.034237855996471014,0.004535256524839885,0.0214850260854837,-0.05429076320801263,0.09947167248928536,-0.09776419104361256,0.0007867069854745525
administrator,-0.4662742048140047,0.021233889845787335,0.3043194356682451,0.26267308718912663,0.6159794899128497,0.04336948442252699,-0.003126379638984933,0.14960368516923278,-0.05869810652418639,0.024620502297192336
agronomist,-0.7183471772348913,-0.061555108530662005,0.04028074667545395,-0.03745668805770388,-0.04656661305202668,-0.028040316305585657,0.02002992186801663,0.3668332940144739,0.13328165993209756,-0.031103679579482405
bodyguard,0.8828203558002645,0.06847542527801312,-0.13690077527243852,-0.0479254243284609,-0.08850706036077416,0.03130344510895503,-0.037393801129934616,0.13513755071293063,-0.14454633014061183,0.043749201791915805
bookbinder,0.5623086827748032,0.028591113530245113,-0.2726802582909501,-0.23286533800378298,-0.4076166722566542,-0.013022628793942087,0.017486116586388448,0.0011063782427089275,-0.06363970866838733,0.016003259751767862
builder,1.5897289297189874,0.000140191546778589,-0.39789088006922335,-0.2703232918409352,-0.4142578431867442,-0.034672261884598383,0.038701168225366116,-0.28511971737660735,-0.11954662380958031,-0.01767545154497708
cashier,-0.9640760681593893,0.030321389894407424,0.12445582164812977,0.09810165253988894,0.061034157678309386,0.026504759006551123,-0.029503015876351686,-0.31265142168628124,0.05270615487344636,0.04075756676415075
chauffeur,1.9376581362260368,0.012933944526598441,-0.2621421489222563,-0.1417278527472586,-0.35108610302451543,-0.011555723132040847,0.014229391772639651,-0.21382095063010848,-0.09990556489048205,-0.030920696745675068
colonel,2.0135714449721958,0.02332743861676237,-0.13482984242447038,-0.013857025189311367,-0.23744796120561382,0.012821299544783171,0.08626028704936568,-0.1549221943181454,-0.07049612365934027,0.019927616328900957
doctor,-0.04698326012446419,-0.018316676637805354,-0.06558764579962112,-0.07130849780986723,-0.20734123395214318,-0.01972835117683757,0.010210111072991503,0.3050880598209404,0.07002868412133542,-0.016497884628562637
electrician,1.1763532414119755,-0.04102477685930221,-0.18212161966338425,-0.1582805955436614,-0.2571865367109095,-0.04348674056855303,0.023614222735066335,-0.10876548145454368,-0.030369731164746838,-0.06965491399449356
farmer,2.02578979056175,-0.04611305642958541,-0.1316130294021267,-0.03234995598518253,0.13603522530040468,-0.014730090165929223,0.09648993781859737,-0.17026656423014694,-0.13549437625522065,-0.02369861115778499
farmhand,0.9613676579125352,-0.0740622858799612,0.0863234309240426,0.06169626971843154,0.19347515315192582,-0.02727857880642983,0.11521516696465578,0.033946535229926855,0.005173130892356881,-0.03881550323328927
fisherman,2.877921049866941,-0.11233329876614354,-0.10988963207374458,-0.03353019691897577,0.012940488412765537,-0.0462677825150606,0.2154602108521359,-0.14522354293274375,-0.054619186380678975,-0.04281292150929088
hairdresser,-0.45152062297364565,0.07201771747473046,-0.06651596397573316,-0.03443691361283624,-0.13329050638607734,0.03075496153607553,-0.07104680010416475,-0.4185878110197371,-0.036300994351019675,0.01646632860156546
hawker,0.6259965390144604,-0.01706722028065974,0.20436820610349787,0.21459351340636545,0.4695407584963138,0.03419649045277964,-0.02936242269613011,-0.4086640305911871,-0.05176049108638636,-0.0617449940329994
housekeeper,-3.199334846071098,-0.03776006898581928,0.16253542225171377,-0.016917331220527042,0.03874068784407124,-0.05530993323271537,-0.000662624791998339,0.13380031415758986,0.1740109607904192,0.10481156605358846
manager,-0.5764908150411798,-0.039884196865378904,0.2593981728557954,0.15623549226651695,0.18759167495858625,-0.0032640768198481038,-0.00727490938447794,0.10257027173252634,0.11222769465803122,-0.0371126134455329
midwife,-4.1888555099188425,-0.10134475969008772,0.17581073975135555,-0.09970935664835787,-0.023454001389052112,-0.058936087732053055,-0.05904106019911387,0.6064268293152932,0.34926224016180246,-0.016560291085717136
molder,-0.3939177612613415,0.014024738932473663,0.14848799808080915,0.12666318028929074,0.16669662952890227,0.011305906691497548,-0.021313215930947586,0.45072314485135745,0.022012547573752032,0.020495146058374873
nurse,-2.6989844699121037,-0.011243753787009352,0.11484712190816881,-0.030622598551638132,-0.05295230946977689,-0.016064125581938805,-0.08393239739860504,-0.23460338114536053,0.16464153386236624,0.0173912496962442
paralegal,-0.8674666337825963,0.045730579134975476,0.14315271672121443,0.1391037930533889,0.20728792724139602,0.036615493918094814,-0.04054569433201061,-0.0024007273687098873,0.0011376141539691242,0.058776434252623244
programmer,-0.03971088926517696,-0.06399090953533575,0.10117198099676089,0.019234341227498106,0.08546715259054792,-0.03249651904768699,-0.01745196431409636,0.27461885642497463,0.0655280112593585,-0.08954515991437664
salesperson,-0.22100936845358787,-0.003949455360428223,0.14327660622765248,0.12306736984663195,0.17801685360596864,0.020527625389431713,-0.028747993403771446,0.023600558685329814,0.04232194866071481,-0.033216772563053
scientist,-0.05146830507287192,0.02226379622503603,-0.010744670411523919,0.005859823975516383,-0.17489634139949553,-0.00975366425465575,-0.03149718043587263,0.08578038434799974,0.032292264212506715,-0.0054826900433167305
scrivener,-0.21373749902224476,0.08908686691862619,-0.2861730570437751,-0.19041400536817304,-0.36458801241171906,0.019760165596975493,-0.03375954427425728,-0.6899972040866067,-0.09639587014428115,0.07626098595245816
secretary,-2.141388371543469,0.08017330340087282,0.011277658458153043,-0.026631061528510254,-0.06252135381827295,0.013430810487111443,-0.10591450877638531,0.1078010170414346,-0.018484166790371265,0.17008588978301348
sergeant,0.9860238501183503,0.03987483634249754,-0.10803655617389593,-0.03554923275812198,-0.02635014734913743,0.030370336835042498,0.07499627998519856,0.08037377298041021,-0.07639448581511302,-0.012516517307579828
soldier,1.603290288054714,-0.011590236407585898,0.13067016796037792,0.19584069869955115,0.3556817552672477,0.04038809267169975,0.10717606880161024,0.218880485449399,-0.06743800390295039,0.015025919354282505
solicitor,0.5932984483016758,0.07984042334455893,-0.11785930705723607,-0.03664723895808369,-0.04106320774403274,0.0677284232940629,-0.017216503882019993,-0.29683546293959845,-0.10486702814132387,0.004583255120486823
teacher,-1.0443970434324714,0.023415267164354735,0.12473697364252503,0.09815963214554742,0.26362825924834854,0.030257319867850335,-0.06575825355075045,-0.03007396548593044,0.006881590799420885,0.004021873475723199
tradesperson,-0.8189424365972476,-0.004498406300899355,0.26205956650111384,0.20395897507655625,0.27324939124959746,0.006573143385439619,-0.06803243924147546,0.3386035274651463,0.06697697653107229,-0.005896810659352881
welder,1.0438783948037442,-0.019318621579194784,-0.1903073061935498,-0.14013005766805772,-0.30707207294730465,-0.03481506393423013,-0.003036660715554698,-0.13264467457501394,-0.020238404133638213,-0.06095105925376966
