target_model,best_model_name,best_model_aic,term,coef,std_err,p_value,ci_low,ci_high,random_effect_variance_semantic_role,random_effect_variance_syntactic_role,random_effect_variance_valence,random_effect_variance_dominance
Qwen_Qwen3-4B-Base,selected_mixed_random_slopes,7355.17799475247,Intercept,0.4875754167849497,0.1864109998035749,0.0089072505969015,0.1222165708478398,0.8529342627220596,0.02964402066003734,0.08810789791849323,0.006538023756944044,0.015819935190008086
Qwen_Qwen3-4B-Base,selected_mixed_random_slopes,7355.17799475247,C(tense)[T.past perfect],-0.0591997419084875,0.0345833715261511,0.0869339237213788,-0.1269819045637117,0.0085824207467367,0.02964402066003734,0.08810789791849323,0.006538023756944044,0.015819935190008086
Qwen_Qwen3-4B-Base,selected_mixed_random_slopes,7355.17799475247,C(tense)[T.present continuous],0.0876534598214232,0.0345833715261511,0.0112590226796972,0.019871297166199,0.1554356224766473,0.02964402066003734,0.08810789791849323,0.006538023756944044,0.015819935190008086
Qwen_Qwen3-4B-Base,selected_mixed_random_slopes,7355.17799475247,C(tense)[T.present perfect],-0.0038617815290229,0.0345833715261511,0.9110883587935698,-0.0716439441842472,0.0639203811262012,0.02964402066003734,0.08810789791849323,0.006538023756944044,0.015819935190008086
Qwen_Qwen3-4B-Base,selected_mixed_random_slopes,7355.17799475247,C(tense)[T.simple future],0.3386082240513337,0.0345833715261511,1.2298695753346834e-22,0.2708260613961095,0.4063903867065579,0.02964402066003734,0.08810789791849323,0.006538023756944044,0.015819935190008086
Qwen_Qwen3-4B-Base,selected_mixed_random_slopes,7355.17799475247,C(tense)[T.simple past],0.0391017368861556,0.0345833715261511,0.2582018510132418,-0.0286804257690685,0.1068838995413797,0.02964402066003734,0.08810789791849323,0.006538023756944044,0.015819935190008086
Qwen_Qwen3-4B-Base,selected_mixed_random_slopes,7355.17799475247,C(syntactic_role)[T.subject],-0.2086838669989176,0.0980856853316829,0.0333730009782688,-0.400928277647945,-0.0164394563498903,0.02964402066003734,0.08810789791849323,0.006538023756944044,0.015819935190008086
Qwen_Qwen3-4B-Base,selected_mixed_random_slopes,7355.17799475247,C(valence)[T.-val],0.0688043227657385,0.0360152681910018,0.056079035927755,-0.0017843057821761,0.1393929513136532,0.02964402066003734,0.08810789791849323,0.006538023756944044,0.015819935190008086
Qwen_Qwen3-4B-Base,selected_mixed_random_slopes,7355.17799475247,C(dominance)[T.-dom],0.0393328987544173,0.0372838576140242,0.2914445965595501,-0.0337421193737897,0.1124079168826244,0.02964402066003734,0.08810789791849323,0.006538023756944044,0.015819935190008086
Qwen_Qwen3-4B-Base,selected_mixed_random_slopes,7355.17799475247,C(tense)[T.past perfect]:C(syntactic_role)[T.subject],-0.1008658272879444,0.0345833715261514,0.0035387038563782,-0.1686479899431692,-0.0330836646327196,0.02964402066003734,0.08810789791849323,0.006538023756944044,0.015819935190008086
Qwen_Qwen3-4B-Base,selected_mixed_random_slopes,7355.17799475247,C(tense)[T.present continuous]:C(syntactic_role)[T.subject],-0.125897216796873,0.0345833715261514,0.0002722175354284,-0.1936793794520978,-0.0581150541416482,0.02964402066003734,0.08810789791849323,0.006538023756944044,0.015819935190008086
Qwen_Qwen3-4B-Base,selected_mixed_random_slopes,7355.17799475247,C(tense)[T.present perfect]:C(syntactic_role)[T.subject],-0.0528782435825873,0.0345833715261514,0.1262625191016194,-0.1206604062378121,0.0149039190726374,0.02964402066003734,0.08810789791849323,0.006538023756944044,0.015819935190008086
Qwen_Qwen3-4B-Base,selected_mixed_random_slopes,7355.17799475247,C(tense)[T.simple future]:C(syntactic_role)[T.subject],-0.1090576171874979,0.0345833715261514,0.0016134192945761,-0.1768397798427227,-0.0412754545322731,0.02964402066003734,0.08810789791849323,0.006538023756944044,0.015819935190008086
Qwen_Qwen3-4B-Base,selected_mixed_random_slopes,7355.17799475247,C(tense)[T.simple past]:C(syntactic_role)[T.subject],0.0232918875558054,0.0345833715261514,0.5006294908980118,-0.0444902750994193,0.0910740502110302,0.02964402066003734,0.08810789791849323,0.006538023756944044,0.015819935190008086
Qwen_Qwen3-4B-Base,selected_mixed_random_slopes,7355.17799475247,C(tense)[T.past perfect]:C(valence)[T.-val],0.0931893484933063,0.0345833715261514,0.0070467088412493,0.0254071858380815,0.1609715111485311,0.02964402066003734,0.08810789791849323,0.006538023756944044,0.015819935190008086
Qwen_Qwen3-4B-Base,selected_mixed_random_slopes,7355.17799475247,C(tense)[T.present continuous]:C(valence)[T.-val],-0.0395621163504436,0.0345833715261514,0.2526387550806983,-0.1073442790056684,0.0282200463047811,0.02964402066003734,0.08810789791849323,0.006538023756944044,0.015819935190008086
Qwen_Qwen3-4B-Base,selected_mixed_random_slopes,7355.17799475247,C(tense)[T.present perfect]:C(valence)[T.-val],0.0887407575334847,0.0345833715261514,0.0102880318771058,0.0209585948782599,0.1565229201887095,0.02964402066003734,0.08810789791849323,0.006538023756944044,0.015819935190008086
Qwen_Qwen3-4B-Base,selected_mixed_random_slopes,7355.17799475247,C(tense)[T.simple future]:C(valence)[T.-val],0.0283272879464314,0.0345833715261514,0.4127285646661892,-0.0394548747087933,0.0961094506016562,0.02964402066003734,0.08810789791849323,0.006538023756944044,0.015819935190008086
Qwen_Qwen3-4B-Base,selected_mixed_random_slopes,7355.17799475247,C(tense)[T.simple past]:C(valence)[T.-val],0.1146405901227704,0.0345833715261514,0.0009167428431663,0.0468584274675457,0.1824227527779952,0.02964402066003734,0.08810789791849323,0.006538023756944044,0.015819935190008086
Qwen_Qwen3-4B-Base,selected_mixed_random_slopes,7355.17799475247,C(tense)[T.past perfect]:C(dominance)[T.-dom],-0.0947675432477641,0.0345833715261513,0.0061389985619187,-0.1625497059029887,-0.0269853805925395,0.02964402066003734,0.08810789791849323,0.006538023756944044,0.015819935190008086
Qwen_Qwen3-4B-Base,selected_mixed_random_slopes,7355.17799475247,C(tense)[T.present continuous]:C(dominance)[T.-dom],-0.0501787458147283,0.0345833715261513,0.1467937602188265,-0.1179609084699529,0.0176034168404962,0.02964402066003734,0.08810789791849323,0.006538023756944044,0.015819935190008086
Qwen_Qwen3-4B-Base,selected_mixed_random_slopes,7355.17799475247,C(tense)[T.present perfect]:C(dominance)[T.-dom],-0.0929242815290142,0.0345833715261513,0.0072104678383989,-0.1607064441842388,-0.0251421188737896,0.02964402066003734,0.08810789791849323,0.006538023756944044,0.015819935190008086
Qwen_Qwen3-4B-Base,selected_mixed_random_slopes,7355.17799475247,C(tense)[T.simple future]:C(dominance)[T.-dom],-0.1052734374999958,0.0345833715261513,0.0023341801642532,-0.1730556001552204,-0.0374912748447713,0.02964402066003734,0.08810789791849323,0.006538023756944044,0.015819935190008086
Qwen_Qwen3-4B-Base,selected_mixed_random_slopes,7355.17799475247,C(tense)[T.simple past]:C(dominance)[T.-dom],-0.0956098284040142,0.0345833715261513,0.0056989405024617,-0.1633919910592389,-0.0278276657487896,0.02964402066003734,0.08810789791849323,0.006538023756944044,0.015819935190008086
Qwen_Qwen3-4B-Base,selected_mixed_random_slopes,7355.17799475247,C(syntactic_role)[T.subject]:C(valence)[T.-val],0.0664184570312501,0.0199667188601084,0.0008795718958674,0.0272844071760009,0.1055525068864992,0.02964402066003734,0.08810789791849323,0.006538023756944044,0.015819935190008086
Qwen_Qwen3-4B-Base,selected_mixed_random_slopes,7355.17799475247,C(syntactic_role)[T.subject]:C(dominance)[T.-dom],0.0610345749627981,0.0199667188601084,0.0022370194946199,0.021900525107549,0.1001686248180473,0.02964402066003734,0.08810789791849323,0.006538023756944044,0.015819935190008086
Qwen_Qwen3-4B-Base,selected_mixed_random_slopes,7355.17799475247,C(valence)[T.-val]:C(dominance)[T.-dom],-0.2775361560639872,0.0199667188601084,6.33961744326036e-44,-0.3166702059192363,-0.238402106208738,0.02964402066003734,0.08810789791849323,0.006538023756944044,0.015819935190008086
allenai_Olmo-3-1025-7B,selected_mixed_random_slopes__candidate__0__C_syntactic_role_C_dominance_,6969.46846106249,Intercept,0.8230650700413337,0.3051851385762758,0.0069980523748433,0.2249131898149675,1.4212169502677,0.0027130178591870916,0.030415892152019636,0.015826834551781067,0.014133496934478134
allenai_Olmo-3-1025-7B,selected_mixed_random_slopes__candidate__0__C_syntactic_role_C_dominance_,6969.46846106249,C(tense)[T.past perfect],0.0410692487444216,0.0336262637071547,0.2219556505597492,-0.0248370170562479,0.1069755145450911,0.0027130178591870916,0.030415892152019636,0.015826834551781067,0.014133496934478134
allenai_Olmo-3-1025-7B,selected_mixed_random_slopes__candidate__0__C_syntactic_role_C_dominance_,6969.46846106249,C(tense)[T.present continuous],0.0705823625837074,0.0336262637071547,0.0358147116537184,0.0046760967830377,0.136488628384377,0.0027130178591870916,0.030415892152019636,0.015826834551781067,0.014133496934478134
allenai_Olmo-3-1025-7B,selected_mixed_random_slopes__candidate__0__C_syntactic_role_C_dominance_,6969.46846106249,C(tense)[T.present perfect],0.1815761021205377,0.0336262637071547,6.670413634507707e-08,0.115669836319868,0.2474823679212073,0.0027130178591870916,0.030415892152019636,0.015826834551781067,0.014133496934478134
allenai_Olmo-3-1025-7B,selected_mixed_random_slopes__candidate__0__C_syntactic_role_C_dominance_,6969.46846106249,C(tense)[T.simple future],0.6221919468471002,0.0336262637071547,1.9473600466221967e-76,0.5562856810464307,0.6880982126477697,0.0027130178591870916,0.030415892152019636,0.015826834551781067,0.014133496934478134
allenai_Olmo-3-1025-7B,selected_mixed_random_slopes__candidate__0__C_syntactic_role_C_dominance_,6969.46846106249,C(tense)[T.simple past],0.0153390066964303,0.0336262637071546,0.6482738525482217,-0.0505672591042391,0.0812452724970998,0.0027130178591870916,0.030415892152019636,0.015826834551781067,0.014133496934478134
allenai_Olmo-3-1025-7B,selected_mixed_random_slopes__candidate__0__C_syntactic_role_C_dominance_,6969.46846106249,C(syntactic_role)[T.subject],-0.2133106708552565,0.056334711924539,0.000152791905662,-0.3237246773067922,-0.1028966644037208,0.0027130178591870916,0.030415892152019636,0.015826834551781067,0.014133496934478134
allenai_Olmo-3-1025-7B,selected_mixed_random_slopes__candidate__0__C_syntactic_role_C_dominance_,6969.46846106249,C(valence)[T.-val],0.0071340441012684,0.0425977966121006,0.8669967210535281,-0.0763561030792111,0.090624191281748,0.0027130178591870916,0.030415892152019636,0.015826834551781067,0.014133496934478134
allenai_Olmo-3-1025-7B,selected_mixed_random_slopes__candidate__0__C_syntactic_role_C_dominance_,6969.46846106249,C(dominance)[T.-dom],0.0483768524039633,0.0430081258590528,0.2606608605063912,-0.035917525322346,0.1326712301302726,0.0027130178591870916,0.030415892152019636,0.015826834551781067,0.014133496934478134
allenai_Olmo-3-1025-7B,selected_mixed_random_slopes__candidate__0__C_syntactic_role_C_dominance_,6969.46846106249,C(tense)[T.past perfect]:C(syntactic_role)[T.subject],0.0046691894531243,0.0336262637071546,0.8895643879420814,-0.061237076347545,0.0705754552537938,0.0027130178591870916,0.030415892152019636,0.015826834551781067,0.014133496934478134
allenai_Olmo-3-1025-7B,selected_mixed_random_slopes__candidate__0__C_syntactic_role_C_dominance_,6969.46846106249,C(tense)[T.present continuous]:C(syntactic_role)[T.subject],0.0447862897600439,0.0336262637071546,0.182898239600224,-0.0211199760406254,0.1106925555607134,0.0027130178591870916,0.030415892152019636,0.015826834551781067,0.014133496934478134
allenai_Olmo-3-1025-7B,selected_mixed_random_slopes__candidate__0__C_syntactic_role_C_dominance_,6969.46846106249,C(tense)[T.present perfect]:C(syntactic_role)[T.subject],-0.0772072928292418,0.0336262637071546,0.0216735156593475,-0.1431135586299112,-0.0113010270285723,0.0027130178591870916,0.030415892152019636,0.015826834551781067,0.014133496934478134
allenai_Olmo-3-1025-7B,selected_mixed_random_slopes__candidate__0__C_syntactic_role_C_dominance_,6969.46846106249,C(tense)[T.simple future]:C(syntactic_role)[T.subject],-0.1481794084821436,0.0336262637071546,1.049782520592113e-05,-0.214085674282813,-0.0822731426814742,0.0027130178591870916,0.030415892152019636,0.015826834551781067,0.014133496934478134
allenai_Olmo-3-1025-7B,selected_mixed_random_slopes__candidate__0__C_syntactic_role_C_dominance_,6969.46846106249,C(tense)[T.simple past]:C(syntactic_role)[T.subject],0.1119881766183029,0.0336262637071546,0.0008672808811845,0.0460819108176335,0.1778944424189723,0.0027130178591870916,0.030415892152019636,0.015826834551781067,0.014133496934478134
allenai_Olmo-3-1025-7B,selected_mixed_random_slopes__candidate__0__C_syntactic_role_C_dominance_,6969.46846106249,C(tense)[T.past perfect]:C(valence)[T.-val],0.0814566476004453,0.0336262637071546,0.015417881065082,0.0155503817997759,0.1473629134011147,0.0027130178591870916,0.030415892152019636,0.015826834551781067,0.014133496934478134
allenai_Olmo-3-1025-7B,selected_mixed_random_slopes__candidate__0__C_syntactic_role_C_dominance_,6969.46846106249,C(tense)[T.present continuous]:C(valence)[T.-val],0.0246856689453114,0.0336262637071546,0.4628763983859332,-0.0412205968553579,0.0905919347459808,0.0027130178591870916,0.030415892152019636,0.015826834551781067,0.014133496934478134
allenai_Olmo-3-1025-7B,selected_mixed_random_slopes__candidate__0__C_syntactic_role_C_dominance_,6969.46846106249,C(tense)[T.present perfect]:C(valence)[T.-val],0.0713854108537936,0.0336262637071546,0.0337616950022397,0.0054791450531242,0.137291676654463,0.0027130178591870916,0.030415892152019636,0.015826834551781067,0.014133496934478134
allenai_Olmo-3-1025-7B,selected_mixed_random_slopes__candidate__0__C_syntactic_role_C_dominance_,6969.46846106249,C(tense)[T.simple future]:C(valence)[T.-val],0.1633745465959811,0.0336262637071546,1.182545322451799e-06,0.0974682807953118,0.2292808123966505,0.0027130178591870916,0.030415892152019636,0.015826834551781067,0.014133496934478134
allenai_Olmo-3-1025-7B,selected_mixed_random_slopes__candidate__0__C_syntactic_role_C_dominance_,6969.46846106249,C(tense)[T.simple past]:C(valence)[T.-val],0.0855922154017849,0.0336262637071546,0.0109153331613886,0.0196859496011155,0.1514984812024542,0.0027130178591870916,0.030415892152019636,0.015826834551781067,0.014133496934478134
allenai_Olmo-3-1025-7B,selected_mixed_random_slopes__candidate__0__C_syntactic_role_C_dominance_,6969.46846106249,C(tense)[T.past perfect]:C(dominance)[T.-dom],0.0176103864397313,0.0336262637071546,0.6004807583551751,-0.0482958793609381,0.0835166522404007,0.0027130178591870916,0.030415892152019636,0.015826834551781067,0.014133496934478134
allenai_Olmo-3-1025-7B,selected_mixed_random_slopes__candidate__0__C_syntactic_role_C_dominance_,6969.46846106249,C(tense)[T.present continuous]:C(dominance)[T.-dom],-0.1022456577845992,0.0336262637071546,0.0023606902566753,-0.1681519235852686,-0.0363393919839297,0.0027130178591870916,0.030415892152019636,0.015826834551781067,0.014133496934478134
allenai_Olmo-3-1025-7B,selected_mixed_random_slopes__candidate__0__C_syntactic_role_C_dominance_,6969.46846106249,C(tense)[T.present perfect]:C(dominance)[T.-dom],-0.0221126011439741,0.0336262637071546,0.5107957655025794,-0.0880188669446435,0.0437936646566953,0.0027130178591870916,0.030415892152019636,0.015826834551781067,0.014133496934478134
allenai_Olmo-3-1025-7B,selected_mixed_random_slopes__candidate__0__C_syntactic_role_C_dominance_,6969.46846106249,C(tense)[T.simple future]:C(dominance)[T.-dom],-0.1494550432477688,0.0336262637071546,8.805856932969167e-06,-0.2153613090484382,-0.0835487774470993,0.0027130178591870916,0.030415892152019636,0.015826834551781067,0.014133496934478134
allenai_Olmo-3-1025-7B,selected_mixed_random_slopes__candidate__0__C_syntactic_role_C_dominance_,6969.46846106249,C(tense)[T.simple past]:C(dominance)[T.-dom],0.0121904645647313,0.0336262637071546,0.7169574494298624,-0.0537158012359379,0.0780967303654007,0.0027130178591870916,0.030415892152019636,0.015826834551781067,0.014133496934478134
allenai_Olmo-3-1025-7B,selected_mixed_random_slopes__candidate__0__C_syntactic_role_C_dominance_,6969.46846106249,C(syntactic_role)[T.subject]:C(valence)[T.-val],-0.0354701450892849,0.019414132403167,0.0676957021095343,-0.0735211453905843,0.0025808552120144,0.0027130178591870916,0.030415892152019636,0.015826834551781067,0.014133496934478134
allenai_Olmo-3-1025-7B,selected_mixed_random_slopes__candidate__0__C_syntactic_role_C_dominance_,6969.46846106249,C(valence)[T.-val]:C(dominance)[T.-dom],-0.0833984375000001,0.019414132403167,1.740964984722967e-05,-0.1214494378012996,-0.0453474371987007,0.0027130178591870916,0.030415892152019636,0.015826834551781067,0.014133496934478134
google_gemma-3-4b-pt,selected_mixed_random_slopes,4523.5520864519785,Intercept,1.7835974667266496,0.3035138608050968,4.1904588120300165e-09,1.1887212307399566,2.3784737027133427,0.011569028135159845,0.0194862464066725,0.006004203048239303,0.004405752155529311
google_gemma-3-4b-pt,selected_mixed_random_slopes,4523.5520864519785,C(tense)[T.past perfect],-0.0010855538504436,0.0280048355900115,0.9690792758045388,-0.0559740229998317,0.0538029152989444,0.011569028135159845,0.0194862464066725,0.006004203048239303,0.004405752155529311
google_gemma-3-4b-pt,selected_mixed_random_slopes,4523.5520864519785,C(tense)[T.present continuous],-0.1005876813616038,0.0280048355900115,0.0003284057653829,-0.1554761505109919,-0.0456992122122157,0.011569028135159845,0.0194862464066725,0.006004203048239303,0.004405752155529311
google_gemma-3-4b-pt,selected_mixed_random_slopes,4523.5520864519785,C(tense)[T.present perfect],-0.1202192034040146,0.0280048355900115,1.7643263912395125e-05,-0.1751076725534028,-0.0653307342546264,0.011569028135159845,0.0194862464066725,0.006004203048239303,0.004405752155529311
google_gemma-3-4b-pt,selected_mixed_random_slopes,4523.5520864519785,C(tense)[T.simple future],0.2559631347656268,0.0280048355900115,6.247424452970705e-20,0.2010746656162386,0.3108516039150149,0.011569028135159845,0.0194862464066725,0.006004203048239303,0.004405752155529311
google_gemma-3-4b-pt,selected_mixed_random_slopes,4523.5520864519785,C(tense)[T.simple past],-0.1437282017299073,0.0280048355900115,2.862779924068222e-07,-0.1986166708792955,-0.0888397325805192,0.011569028135159845,0.0194862464066725,0.006004203048239303,0.004405752155529311
google_gemma-3-4b-pt,selected_mixed_random_slopes,4523.5520864519785,C(syntactic_role)[T.subject],-0.4397641060916267,0.0564102336123144,6.3990844276758105e-15,-0.5503261323312538,-0.3292020798519996,0.011569028135159845,0.0194862464066725,0.006004203048239303,0.004405752155529311
google_gemma-3-4b-pt,selected_mixed_random_slopes,4523.5520864519785,C(valence)[T.-val],0.2008958448904401,0.0339409232671873,3.239328110510213e-09,0.1343728576847154,0.2674188320961649,0.011569028135159845,0.0194862464066725,0.006004203048239303,0.004405752155529311
google_gemma-3-4b-pt,selected_mixed_random_slopes,4523.5520864519785,C(dominance)[T.-dom],0.2332699412160783,0.0284898344123904,2.65976578900809e-16,0.1774308918422831,0.2891089905898734,0.011569028135159845,0.0194862464066725,0.006004203048239303,0.004405752155529311
google_gemma-3-4b-pt,selected_mixed_random_slopes,4523.5520864519785,C(tense)[T.past perfect]:C(syntactic_role)[T.subject],0.0338160923549092,0.0280048355900116,0.2272361627836399,-0.0210723767944791,0.0887045615042976,0.011569028135159845,0.0194862464066725,0.006004203048239303,0.004405752155529311
google_gemma-3-4b-pt,selected_mixed_random_slopes,4523.5520864519785,C(tense)[T.present continuous]:C(syntactic_role)[T.subject],0.1352042061941948,0.0280048355900116,1.3798874471506529e-06,0.0803157370448064,0.1900926753435832,0.011569028135159845,0.0194862464066725,0.006004203048239303,0.004405752155529311
google_gemma-3-4b-pt,selected_mixed_random_slopes,4523.5520864519785,C(tense)[T.present perfect]:C(syntactic_role)[T.subject],0.1449541364397306,0.0280048355900116,2.2664543937910405e-07,0.0900656672903422,0.1998426055891189,0.011569028135159845,0.0194862464066725,0.006004203048239303,0.004405752155529311
google_gemma-3-4b-pt,selected_mixed_random_slopes,4523.5520864519785,C(tense)[T.simple future]:C(syntactic_role)[T.subject],0.207751464843749,0.0280048355900116,1.18531088313064e-13,0.1528629956943606,0.2626399339931374,0.011569028135159845,0.0194862464066725,0.006004203048239303,0.004405752155529311
google_gemma-3-4b-pt,selected_mixed_random_slopes,4523.5520864519785,C(tense)[T.simple past]:C(syntactic_role)[T.subject],0.1052812848772304,0.0280048355900116,0.0001703236243743,0.050392815727842,0.1601697540266188,0.011569028135159845,0.0194862464066725,0.006004203048239303,0.004405752155529311
google_gemma-3-4b-pt,selected_mixed_random_slopes,4523.5520864519785,C(tense)[T.past perfect]:C(valence)[T.-val],0.0171447753906236,0.0280048355900115,0.5404003617981836,-0.0377436937587645,0.0720332445400118,0.011569028135159845,0.0194862464066725,0.006004203048239303,0.004405752155529311
google_gemma-3-4b-pt,selected_mixed_random_slopes,4523.5520864519785,C(tense)[T.present continuous]:C(valence)[T.-val],-0.0698146275111623,0.0280048355900115,0.0126687033412484,-0.1247030966605505,-0.014926158361774,0.011569028135159845,0.0194862464066725,0.006004203048239303,0.004405752155529311
google_gemma-3-4b-pt,selected_mixed_random_slopes,4523.5520864519785,C(tense)[T.present perfect]:C(valence)[T.-val],0.0402317592075876,0.0280048355900116,0.1508315577438017,-0.0146567099418006,0.0951202283569759,0.011569028135159845,0.0194862464066725,0.006004203048239303,0.004405752155529311
google_gemma-3-4b-pt,selected_mixed_random_slopes,4523.5520864519785,C(tense)[T.simple future]:C(valence)[T.-val],0.0269112723214277,0.0280048355900115,0.3365768497620026,-0.0279771968279605,0.0817997414708159,0.011569028135159845,0.0194862464066725,0.006004203048239303,0.004405752155529311
google_gemma-3-4b-pt,selected_mixed_random_slopes,4523.5520864519785,C(tense)[T.simple past]:C(valence)[T.-val],0.1079825265066947,0.0280048355900115,0.0001153268254497,0.0530940573573064,0.1628709956560829,0.011569028135159845,0.0194862464066725,0.006004203048239303,0.004405752155529311
google_gemma-3-4b-pt,selected_mixed_random_slopes,4523.5520864519785,C(tense)[T.past perfect]:C(dominance)[T.-dom],-0.0315560477120551,0.0280048355900116,0.2598240459472428,-0.0864445168614435,0.0233324214373332,0.011569028135159845,0.0194862464066725,0.006004203048239303,0.004405752155529311
google_gemma-3-4b-pt,selected_mixed_random_slopes,4523.5520864519785,C(tense)[T.present continuous]:C(dominance)[T.-dom],-0.0829964773995554,0.0280048355900116,0.0030401574310956,-0.1378849465489438,-0.0281080082501669,0.011569028135159845,0.0194862464066725,0.006004203048239303,0.004405752155529311
google_gemma-3-4b-pt,selected_mixed_random_slopes,4523.5520864519785,C(tense)[T.present perfect]:C(dominance)[T.-dom],-0.0072239467075911,0.0280048355900117,0.7964427573675775,-0.0621124158569795,0.0476645224417973,0.011569028135159845,0.0194862464066725,0.006004203048239303,0.004405752155529311
google_gemma-3-4b-pt,selected_mixed_random_slopes,4523.5520864519785,C(tense)[T.simple future]:C(dominance)[T.-dom],-0.111983816964287,0.0280048355900116,6.368288581836662e-05,-0.1668722861136754,-0.0570953478148986,0.011569028135159845,0.0194862464066725,0.006004203048239303,0.004405752155529311
google_gemma-3-4b-pt,selected_mixed_random_slopes,4523.5520864519785,C(tense)[T.simple past]:C(dominance)[T.-dom],-0.000361851283484,0.0280048355900117,0.9896907975760776,-0.0552503204328725,0.0545266178659043,0.011569028135159845,0.0194862464066725,0.006004203048239303,0.004405752155529311
google_gemma-3-4b-pt,selected_mixed_random_slopes,4523.5520864519785,C(syntactic_role)[T.subject]:C(valence)[T.-val],-0.0926757812500007,0.0161685993665044,9.934853617167969e-09,-0.1243656536888066,-0.0609859088111947,0.011569028135159845,0.0194862464066725,0.006004203048239303,0.004405752155529311
google_gemma-3-4b-pt,selected_mixed_random_slopes,4523.5520864519785,C(valence)[T.-val]:C(dominance)[T.-dom],-0.2015904017857143,0.0161685993665044,1.1156535353238968e-35,-0.2332802742245202,-0.1699005293469084,0.011569028135159845,0.0194862464066725,0.006004203048239303,0.004405752155529311
gpt2,selected_mixed_random_slopes,2096.7309869656237,Intercept,0.7916025991615527,0.3102901265729357,0.0107362204356863,0.183445126320224,1.3997600720028816,0.015705522151567054,0.027660810602003226,0.0044819125972814814,0.005832167188926158
gpt2,selected_mixed_random_slopes,2096.7309869656237,C(tense)[T.past perfect],0.0312662542778931,0.0233264939224074,0.1801233898008485,-0.0144528336956179,0.0769853422514042,0.015705522151567054,0.027660810602003226,0.0044819125972814814,0.005832167188926158
gpt2,selected_mixed_random_slopes,2096.7309869656237,C(tense)[T.present continuous],0.0807245344025447,0.0233264939224074,0.0005388983921997,0.0350054464290336,0.1264436223760558,0.015705522151567054,0.027660810602003226,0.0044819125972814814,0.005832167188926158
gpt2,selected_mixed_random_slopes,2096.7309869656237,C(tense)[T.present perfect],-0.137705545343174,0.0233264939224074,3.5609280163169038e-09,-0.1834246333166851,-0.0919864573696629,0.015705522151567054,0.027660810602003226,0.0044819125972814814,0.005832167188926158
gpt2,selected_mixed_random_slopes,2096.7309869656237,C(tense)[T.simple future],0.1192121671049155,0.0233264939224074,3.211527764063332e-07,0.0734930791314044,0.1649312550784266,0.015705522151567054,0.027660810602003226,0.0044819125972814814,0.005832167188926158
gpt2,selected_mixed_random_slopes,2096.7309869656237,C(tense)[T.simple past],0.0328699709752994,0.0233264939224074,0.1587978899749657,-0.0128491169982116,0.0785890589488105,0.015705522151567054,0.027660810602003226,0.0044819125972814814,0.005832167188926158
gpt2,selected_mixed_random_slopes,2096.7309869656237,C(syntactic_role)[T.subject],0.002428464965561,0.0788798215125022,0.9754394898914508,-0.152173144305891,0.1570300742370131,0.015705522151567054,0.027660810602003226,0.0044819125972814814,0.005832167188926158
gpt2,selected_mixed_random_slopes,2096.7309869656237,C(valence)[T.-val],0.2317635796541615,0.0445216133503225,1.933270603027718e-07,0.1445028209539118,0.3190243383544113,0.015705522151567054,0.027660810602003226,0.0044819125972814814,0.005832167188926158
gpt2,selected_mixed_random_slopes,2096.7309869656237,C(dominance)[T.-dom],0.1624397833003269,0.0325319038811511,5.937300160147783e-07,0.0986784233447519,0.226201143255902,0.015705522151567054,0.027660810602003226,0.0044819125972814814,0.005832167188926158
gpt2,selected_mixed_random_slopes,2096.7309869656237,C(tense)[T.past perfect]:C(syntactic_role)[T.subject],0.1133765704466239,0.0233264939224075,1.1713664691586905e-06,0.0676574824731126,0.1590956584201351,0.015705522151567054,0.027660810602003226,0.0044819125972814814,0.005832167188926158
gpt2,selected_mixed_random_slopes,2096.7309869656237,C(tense)[T.present continuous]:C(syntactic_role)[T.subject],0.0043182834764586,0.0233264939224075,0.8531321268362968,-0.0414008044970525,0.0500373714499699,0.015705522151567054,0.027660810602003226,0.0044819125972814814,0.005832167188926158
gpt2,selected_mixed_random_slopes,2096.7309869656237,C(tense)[T.present perfect]:C(syntactic_role)[T.subject],0.0915494555050301,0.0233264939224075,8.683843254741914e-05,0.0458303675315188,0.1372685434785413,0.015705522151567054,0.027660810602003226,0.0044819125972814814,0.005832167188926158
gpt2,selected_mixed_random_slopes,2096.7309869656237,C(tense)[T.simple future]:C(syntactic_role)[T.subject],-0.0404790080911237,0.0233264939224075,0.0826835594273925,-0.0861980960646349,0.0052400798823874,0.015705522151567054,0.027660810602003226,0.0044819125972814814,0.005832167188926158
gpt2,selected_mixed_random_slopes,2096.7309869656237,C(tense)[T.simple past]:C(syntactic_role)[T.subject],-0.0568063113941342,0.0233264939224075,0.0148806804850171,-0.1025253993676454,-0.011087223420623,0.015705522151567054,0.027660810602003226,0.0044819125972814814,0.005832167188926158
gpt2,selected_mixed_random_slopes,2096.7309869656237,C(tense)[T.past perfect]:C(valence)[T.-val],-0.0625917597742444,0.0233264939224074,0.0072901632561221,-0.1083108477477555,-0.0168726718007333,0.015705522151567054,0.027660810602003226,0.0044819125972814814,0.005832167188926158
gpt2,selected_mixed_random_slopes,2096.7309869656237,C(tense)[T.present continuous]:C(valence)[T.-val],-0.0346015461938814,0.0233264939224074,0.1379792651290419,-0.0803206341673925,0.0111175417796296,0.015705522151567054,0.027660810602003226,0.0044819125972814814,0.005832167188926158
gpt2,selected_mixed_random_slopes,2096.7309869656237,C(tense)[T.present perfect]:C(valence)[T.-val],-0.0668925193674771,0.0233264939224074,0.0041351596890711,-0.1126116073409882,-0.021173431393966,0.015705522151567054,0.027660810602003226,0.0044819125972814814,0.005832167188926158
gpt2,selected_mixed_random_slopes,2096.7309869656237,C(tense)[T.simple future]:C(valence)[T.-val],0.0401771001981346,0.0233264939224074,0.0850005987379937,-0.0055419877753764,0.0858961881716457,0.015705522151567054,0.027660810602003226,0.0044819125972814814,0.005832167188926158
gpt2,selected_mixed_random_slopes,2096.7309869656237,C(tense)[T.simple past]:C(valence)[T.-val],-0.0327709341755385,0.0233264939224074,0.1600568449910467,-0.0784900221490496,0.0129481537979725,0.015705522151567054,0.027660810602003226,0.0044819125972814814,0.005832167188926158
gpt2,selected_mixed_random_slopes,2096.7309869656237,C(tense)[T.past perfect]:C(dominance)[T.-dom],0.0147183190218376,0.0233264939224075,0.5280601079485572,-0.0310007689516736,0.0604374069953489,0.015705522151567054,0.027660810602003226,0.0044819125972814814,0.005832167188926158
gpt2,selected_mixed_random_slopes,2096.7309869656237,C(tense)[T.present continuous]:C(dominance)[T.-dom],-0.0198625288751968,0.0233264939224075,0.3944912038988369,-0.0655816168487081,0.0258565590983143,0.015705522151567054,0.027660810602003226,0.0044819125972814814,0.005832167188926158
gpt2,selected_mixed_random_slopes,2096.7309869656237,C(tense)[T.present perfect]:C(dominance)[T.-dom],-0.0666819986933028,0.0233264939224075,0.0042546418985097,-0.112401086666814,-0.0209629107197915,0.015705522151567054,0.027660810602003226,0.0044819125972814814,0.005832167188926158
gpt2,selected_mixed_random_slopes,2096.7309869656237,C(tense)[T.simple future]:C(dominance)[T.-dom],0.0319300763627055,0.0233264939224075,0.1710514600519788,-0.0137890116108057,0.0776491643362167,0.015705522151567054,0.027660810602003226,0.0044819125972814814,0.005832167188926158
gpt2,selected_mixed_random_slopes,2096.7309869656237,C(tense)[T.simple past]:C(dominance)[T.-dom],0.0476189098174332,0.0233264939224075,0.0412102111240214,0.001899821843922,0.0933379977909445,0.015705522151567054,0.027660810602003226,0.0044819125972814814,0.005832167188926158
gpt2,selected_mixed_random_slopes,2096.7309869656237,C(syntactic_role)[T.subject]:C(valence)[T.-val],-0.0306853142295,0.0134675575453521,0.0226990831691506,-0.057081241978111,-0.0042893864808891,0.015705522151567054,0.027660810602003226,0.0044819125972814814,0.005832167188926158
gpt2,selected_mixed_random_slopes,2096.7309869656237,C(valence)[T.-val]:C(dominance)[T.-dom],-0.1870987978085142,0.0134675575453521,7.028176111556921e-44,-0.2134947255571251,-0.1607028700599033,0.015705522151567054,0.027660810602003226,0.0044819125972814814,0.005832167188926158
he_she_odds_results__Qwen_Qwen3-4B-Base__2bc637df,selected_mixed__candidate__0__C_tense_C_semantic_role_,7409.7151350943095,Intercept,1.2055595761211129,0.2696937871345824,7.818116577607563e-06,0.6769694664831195,1.7341496857591063,0.0151628679298313,0.0744119251464515,,
he_she_odds_results__Qwen_Qwen3-4B-Base__2bc637df,selected_mixed__candidate__0__C_tense_C_semantic_role_,7409.7151350943095,C(tense)[T.past perfect],-0.059199741908476,0.0348339515182809,0.0892280340587526,-0.127473032323521,0.0090735485065689,0.0151628679298313,0.0744119251464515,,
he_she_odds_results__Qwen_Qwen3-4B-Base__2bc637df,selected_mixed__candidate__0__C_tense_C_semantic_role_,7409.7151350943095,C(tense)[T.present continuous],0.0876534598214347,0.0348339515182809,0.0118586579072157,0.0193801694063897,0.1559267502364797,0.0151628679298313,0.0744119251464515,,
he_she_odds_results__Qwen_Qwen3-4B-Base__2bc637df,selected_mixed__candidate__0__C_tense_C_semantic_role_,7409.7151350943095,C(tense)[T.present perfect],-0.0038617815290117,0.0348339515182809,0.9117253241992648,-0.0721350719440567,0.0644115088860333,0.0151628679298313,0.0744119251464515,,
he_she_odds_results__Qwen_Qwen3-4B-Base__2bc637df,selected_mixed__candidate__0__C_tense_C_semantic_role_,7409.7151350943095,C(tense)[T.simple future],0.3386082240513443,0.0348339515182809,2.4623438971938024e-22,0.2703349336362993,0.4068815144663893,0.0151628679298313,0.0744119251464515,,
he_she_odds_results__Qwen_Qwen3-4B-Base__2bc637df,selected_mixed__candidate__0__C_tense_C_semantic_role_,7409.7151350943095,C(tense)[T.simple past],0.0391017368861662,0.034833951518281,0.2616422672020314,-0.0291715535288788,0.1073750273012113,0.0151628679298313,0.0744119251464515,,
he_she_odds_results__Qwen_Qwen3-4B-Base__2bc637df,selected_mixed__candidate__0__C_tense_C_semantic_role_,7409.7151350943095,C(syntactic_role)[T.subject],-0.2768894740507847,0.0788998773398287,0.0004491564859556,-0.431530392021477,-0.1222485560800924,0.0151628679298313,0.0744119251464515,,
he_she_odds_results__Qwen_Qwen3-4B-Base__2bc637df,selected_mixed__candidate__0__C_tense_C_semantic_role_,7409.7151350943095,C(valence)[T.-val],0.0948983328683073,0.0301670869290265,0.001656574299936,0.0357719289689262,0.1540247367676884,0.0151628679298313,0.0744119251464515,,
he_she_odds_results__Qwen_Qwen3-4B-Base__2bc637df,selected_mixed__candidate__0__C_tense_C_semantic_role_,7409.7151350943095,C(dominance)[T.-dom],0.1541471935453925,0.0301670869290265,3.2253325132705255e-07,0.0950207896460114,0.2132735974447737,0.0151628679298313,0.0744119251464515,,
he_she_odds_results__Qwen_Qwen3-4B-Base__2bc637df,selected_mixed__candidate__0__C_tense_C_semantic_role_,7409.7151350943095,C(semantic_role)[T.patient],0.1979509626111208,0.0385685111774461,2.859944251683189e-07,0.1223580697659958,0.2735438554562458,0.0151628679298313,0.0744119251464515,,
he_she_odds_results__Qwen_Qwen3-4B-Base__2bc637df,selected_mixed__candidate__0__C_tense_C_semantic_role_,7409.7151350943095,C(tense)[T.past perfect]:C(syntactic_role)[T.subject],-0.1008658272879477,0.0348339515182808,0.0037841237536197,-0.1691391177029925,-0.032592536872903,0.0151628679298313,0.0744119251464515,,
he_she_odds_results__Qwen_Qwen3-4B-Base__2bc637df,selected_mixed__candidate__0__C_tense_C_semantic_role_,7409.7151350943095,C(tense)[T.present continuous]:C(syntactic_role)[T.subject],-0.1258972167968765,0.0348339515182807,0.0003012647803653,-0.1941705072119212,-0.0576239263818318,0.0151628679298313,0.0744119251464515,,
he_she_odds_results__Qwen_Qwen3-4B-Base__2bc637df,selected_mixed__candidate__0__C_tense_C_semantic_role_,7409.7151350943095,C(tense)[T.present perfect]:C(syntactic_role)[T.subject],-0.0528782435825908,0.0348339515182808,0.1290121901017874,-0.1211515339976355,0.0153950468324539,0.0151628679298313,0.0744119251464515,,
he_she_odds_results__Qwen_Qwen3-4B-Base__2bc637df,selected_mixed__candidate__0__C_tense_C_semantic_role_,7409.7151350943095,C(tense)[T.simple future]:C(syntactic_role)[T.subject],-0.109057617187501,0.0348339515182807,0.0017433967127814,-0.1773309076025457,-0.0407843267724563,0.0151628679298313,0.0744119251464515,,
he_she_odds_results__Qwen_Qwen3-4B-Base__2bc637df,selected_mixed__candidate__0__C_tense_C_semantic_role_,7409.7151350943095,C(tense)[T.simple past]:C(syntactic_role)[T.subject],0.0232918875558022,0.0348339515182808,0.5037157312434299,-0.0449814028592424,0.091565177970847,0.0151628679298313,0.0744119251464515,,
he_she_odds_results__Qwen_Qwen3-4B-Base__2bc637df,selected_mixed__candidate__0__C_tense_C_semantic_role_,7409.7151350943095,C(tense)[T.past perfect]:C(valence)[T.-val],0.0931893484933001,0.0348339515182806,0.0074674696093293,0.0249160580782558,0.1614626389083445,0.0151628679298313,0.0744119251464515,,
he_she_odds_results__Qwen_Qwen3-4B-Base__2bc637df,selected_mixed__candidate__0__C_tense_C_semantic_role_,7409.7151350943095,C(tense)[T.present continuous]:C(valence)[T.-val],-0.0395621163504498,0.0348339515182806,0.2560677471455733,-0.1078354067654941,0.0287111740645944,0.0151628679298313,0.0744119251464515,,
he_she_odds_results__Qwen_Qwen3-4B-Base__2bc637df,selected_mixed__candidate__0__C_tense_C_semantic_role_,7409.7151350943095,C(tense)[T.present perfect]:C(valence)[T.-val],0.0887407575334787,0.0348339515182806,0.0108486551711006,0.0204674671184343,0.1570140479485231,0.0151628679298313,0.0744119251464515,,
he_she_odds_results__Qwen_Qwen3-4B-Base__2bc637df,selected_mixed__candidate__0__C_tense_C_semantic_role_,7409.7151350943095,C(tense)[T.simple future]:C(valence)[T.-val],0.0283272879464257,0.0348339515182806,0.4160981568534154,-0.0399460024686186,0.0966005783614701,0.0151628679298313,0.0744119251464515,,
he_she_odds_results__Qwen_Qwen3-4B-Base__2bc637df,selected_mixed__candidate__0__C_tense_C_semantic_role_,7409.7151350943095,C(tense)[T.simple past]:C(valence)[T.-val],0.1146405901227647,0.0348339515182806,0.0009981097228025,0.0463672997077203,0.1829138805378092,0.0151628679298313,0.0744119251464515,,
he_she_odds_results__Qwen_Qwen3-4B-Base__2bc637df,selected_mixed__candidate__0__C_tense_C_semantic_role_,7409.7151350943095,C(tense)[T.past perfect]:C(dominance)[T.-dom],-0.0947675432477722,0.0348339515182806,0.0065173208567866,-0.1630408336628165,-0.0264942528327278,0.0151628679298313,0.0744119251464515,,
he_she_odds_results__Qwen_Qwen3-4B-Base__2bc637df,selected_mixed__candidate__0__C_tense_C_semantic_role_,7409.7151350943095,C(tense)[T.present continuous]:C(dominance)[T.-dom],-0.0501787458147366,0.0348339515182806,0.1497224299007351,-0.118452036229781,0.0180945446003076,0.0151628679298313,0.0744119251464515,,
he_she_odds_results__Qwen_Qwen3-4B-Base__2bc637df,selected_mixed__candidate__0__C_tense_C_semantic_role_,7409.7151350943095,C(tense)[T.present perfect]:C(dominance)[T.-dom],-0.0929242815290222,0.0348339515182806,0.0076387107223918,-0.1611975719440666,-0.0246509911139778,0.0151628679298313,0.0744119251464515,,
he_she_odds_results__Qwen_Qwen3-4B-Base__2bc637df,selected_mixed__candidate__0__C_tense_C_semantic_role_,7409.7151350943095,C(tense)[T.simple future]:C(dominance)[T.-dom],-0.1052734375000038,0.0348339515182806,0.0025098588290419,-0.1735467279150482,-0.0370001470849594,0.0151628679298313,0.0744119251464515,,
he_she_odds_results__Qwen_Qwen3-4B-Base__2bc637df,selected_mixed__candidate__0__C_tense_C_semantic_role_,7409.7151350943095,C(tense)[T.simple past]:C(dominance)[T.-dom],-0.0956098284040218,0.0348339515182806,0.0060560506467925,-0.1638831188190662,-0.0273365379889774,0.0151628679298313,0.0744119251464515,,
he_she_odds_results__Qwen_Qwen3-4B-Base__2bc637df,selected_mixed__candidate__0__C_tense_C_semantic_role_,7409.7151350943095,C(syntactic_role)[T.subject]:C(valence)[T.-val],0.0664184570312497,0.0201113912860176,0.0009581711034813,0.0270008544316623,0.105836059630837,0.0151628679298313,0.0744119251464515,,
he_she_odds_results__Qwen_Qwen3-4B-Base__2bc637df,selected_mixed__candidate__0__C_tense_C_semantic_role_,7409.7151350943095,C(syntactic_role)[T.subject]:C(dominance)[T.-dom],0.0610345749627965,0.0201113912860176,0.0024067442299235,0.0216169723632092,0.1004521775623839,0.0151628679298313,0.0744119251464515,,
he_she_odds_results__Qwen_Qwen3-4B-Base__2bc637df,selected_mixed__candidate__0__C_tense_C_semantic_role_,7409.7151350943095,C(syntactic_role)[T.subject]:C(semantic_role)[T.patient],-0.1145292736235123,0.0201113912860176,1.2355541374210025e-08,-0.1539468762230997,-0.0751116710239249,0.0151628679298313,0.0744119251464515,,
he_she_odds_results__Qwen_Qwen3-4B-Base__2bc637df,selected_mixed__candidate__0__C_tense_C_semantic_role_,7409.7151350943095,C(valence)[T.-val]:C(dominance)[T.-dom],-0.2775361560639887,0.0201113912860176,2.5503615676295386e-43,-0.316953758663576,-0.2381185534644014,0.0151628679298313,0.0744119251464515,,
he_she_odds_results__Qwen_Qwen3-4B-Base__2bc637df,selected_mixed__candidate__0__C_tense_C_semantic_role_,7409.7151350943095,C(valence)[T.-val]:C(semantic_role)[T.patient],0.037113444010416,0.0201113912860176,0.0649802221919956,-0.0023041585891712,0.0765310466100034,0.0151628679298313,0.0744119251464515,,
he_she_odds_results__Qwen_Qwen3-4B-Base__2bc637df,selected_mixed__candidate__0__C_tense_C_semantic_role_,7409.7151350943095,C(dominance)[T.-dom]:C(semantic_role)[T.patient],-0.0611775716145845,0.0201113912860176,0.0023506161666708,-0.1005951742141719,-0.0217599690149972,0.0151628679298313,0.0744119251464515,,
he_she_odds_results__allenai_Olmo-3-1025-7B__c14b47b7,selected_mixed__candidate__1__C_syntactic_role_C_semantic_role_,7190.46029937773,Intercept,1.0355888003324991,0.3330453590846284,0.0018743427492041,0.3828318913084176,1.6883457093565806,0.002061333933153,0.0302787720100631,,
he_she_odds_results__allenai_Olmo-3-1025-7B__c14b47b7,selected_mixed__candidate__1__C_syntactic_role_C_semantic_role_,7190.46029937773,C(tense)[T.past perfect],0.056589181082581,0.0383207311474671,0.1397493722547074,-0.0185180718276968,0.131696433992859,0.002061333933153,0.0302787720100631,,
he_she_odds_results__allenai_Olmo-3-1025-7B__c14b47b7,selected_mixed__candidate__1__C_syntactic_role_C_semantic_role_,7190.46029937773,C(tense)[T.present continuous],0.0825611659458619,0.0383207311474671,0.0312027182286931,0.007453913035584,0.1576684188561399,0.002061333933153,0.0302787720100631,,
he_she_odds_results__allenai_Olmo-3-1025-7B__c14b47b7,selected_mixed__candidate__1__C_syntactic_role_C_semantic_role_,7190.46029937773,C(tense)[T.present perfect],0.1861456734793443,0.0383207311474671,1.188345136372197e-06,0.1110384205690664,0.2612529263896223,0.002061333933153,0.0302787720100631,,
he_she_odds_results__allenai_Olmo-3-1025-7B__c14b47b7,selected_mixed__candidate__1__C_syntactic_role_C_semantic_role_,7190.46029937773,C(tense)[T.simple future],0.5522395542689637,0.0383207311474671,4.413583621499964e-47,0.4771323013586857,0.6273468071792416,0.002061333933153,0.0302787720100631,,
he_she_odds_results__allenai_Olmo-3-1025-7B__c14b47b7,selected_mixed__candidate__1__C_syntactic_role_C_semantic_role_,7190.46029937773,C(tense)[T.simple past],0.0485386439732062,0.0383207311474671,0.2052833607999012,-0.0265686089370715,0.123645896883484,0.002061333933153,0.0302787720100631,,
he_she_odds_results__allenai_Olmo-3-1025-7B__c14b47b7,selected_mixed__candidate__1__C_syntactic_role_C_semantic_role_,7190.46029937773,C(syntactic_role)[T.subject],-0.2230721609928624,0.0533672124617311,2.9157605060001057e-05,-0.3276699753731527,-0.1184743466125722,0.002061333933153,0.0302787720100631,,
he_she_odds_results__allenai_Olmo-3-1025-7B__c14b47b7,selected_mixed__candidate__1__C_syntactic_role_C_semantic_role_,7190.46029937773,C(valence)[T.-val],0.0125427246093723,0.0296831107097265,0.6726205112482699,-0.0456351033308067,0.0707205525495515,0.002061333933153,0.0302787720100631,,
he_she_odds_results__allenai_Olmo-3-1025-7B__c14b47b7,selected_mixed__candidate__1__C_syntactic_role_C_semantic_role_,7190.46029937773,C(dominance)[T.-dom],0.0243659609840019,0.0279855051594116,0.3839378527600549,-0.0304846212176047,0.0792165431856085,0.002061333933153,0.0302787720100631,,
he_she_odds_results__allenai_Olmo-3-1025-7B__c14b47b7,selected_mixed__candidate__1__C_syntactic_role_C_semantic_role_,7190.46029937773,C(semantic_role)[T.patient],-0.0135935465496218,0.0305028955528758,0.6558517179727976,-0.0733781232574454,0.0461910301582016,0.002061333933153,0.0302787720100631,,
he_she_odds_results__allenai_Olmo-3-1025-7B__c14b47b7,selected_mixed__candidate__1__C_syntactic_role_C_semantic_role_,7190.46029937773,C(tense)[T.past perfect]:C(syntactic_role)[T.subject],0.0046691894531288,0.0342751039172921,0.8916419494916612,-0.0625087797911314,0.0718471586973891,0.002061333933153,0.0302787720100631,,
he_she_odds_results__allenai_Olmo-3-1025-7B__c14b47b7,selected_mixed__candidate__1__C_syntactic_role_C_semantic_role_,7190.46029937773,C(tense)[T.present continuous]:C(syntactic_role)[T.subject],0.0447862897600486,0.0342751039172921,0.1913244178197383,-0.0223916794842116,0.1119642590043089,0.002061333933153,0.0302787720100631,,
he_she_odds_results__allenai_Olmo-3-1025-7B__c14b47b7,selected_mixed__candidate__1__C_syntactic_role_C_semantic_role_,7190.46029937773,C(tense)[T.present perfect]:C(syntactic_role)[T.subject],-0.0772072928292372,0.0342751039172921,0.0242858656768152,-0.1443852620734975,-0.0100293235849769,0.002061333933153,0.0302787720100631,,
he_she_odds_results__allenai_Olmo-3-1025-7B__c14b47b7,selected_mixed__candidate__1__C_syntactic_role_C_semantic_role_,7190.46029937773,C(tense)[T.simple future]:C(syntactic_role)[T.subject],-0.1481794084821384,0.0342751039172921,1.53756180724847e-05,-0.2153573777263987,-0.0810014392378781,0.002061333933153,0.0302787720100631,,
he_she_odds_results__allenai_Olmo-3-1025-7B__c14b47b7,selected_mixed__candidate__1__C_syntactic_role_C_semantic_role_,7190.46029937773,C(tense)[T.simple past]:C(syntactic_role)[T.subject],0.1119881766183073,0.0342751039172921,0.0010856591410077,0.0448102073740471,0.1791661458625676,0.002061333933153,0.0302787720100631,,
he_she_odds_results__allenai_Olmo-3-1025-7B__c14b47b7,selected_mixed__candidate__1__C_syntactic_role_C_semantic_role_,7190.46029937773,C(tense)[T.past perfect]:C(valence)[T.-val],0.0814566476004487,0.0342751039172922,0.0174751863491892,0.0142786783561882,0.1486346168447092,0.002061333933153,0.0302787720100631,,
he_she_odds_results__allenai_Olmo-3-1025-7B__c14b47b7,selected_mixed__candidate__1__C_syntactic_role_C_semantic_role_,7190.46029937773,C(tense)[T.present continuous]:C(valence)[T.-val],0.0246856689453149,0.0342751039172922,0.4713885890032743,-0.0424923002989455,0.0918636381895754,0.002061333933153,0.0302787720100631,,
he_she_odds_results__allenai_Olmo-3-1025-7B__c14b47b7,selected_mixed__candidate__1__C_syntactic_role_C_semantic_role_,7190.46029937773,C(tense)[T.present perfect]:C(valence)[T.-val],0.071385410853797,0.0342751039172922,0.0372768426796568,0.0042074416095365,0.1385633800980575,0.002061333933153,0.0302787720100631,,
he_she_odds_results__allenai_Olmo-3-1025-7B__c14b47b7,selected_mixed__candidate__1__C_syntactic_role_C_semantic_role_,7190.46029937773,C(tense)[T.simple future]:C(valence)[T.-val],0.1633745465959849,0.0342751039172922,1.8739231929972649e-06,0.0961965773517244,0.2305525158402454,0.002061333933153,0.0302787720100631,,
he_she_odds_results__allenai_Olmo-3-1025-7B__c14b47b7,selected_mixed__candidate__1__C_syntactic_role_C_semantic_role_,7190.46029937773,C(tense)[T.simple past]:C(valence)[T.-val],0.0855922154017879,0.0342751039172922,0.0125173947013166,0.0184142461575274,0.1527701846460484,0.002061333933153,0.0302787720100631,,
he_she_odds_results__allenai_Olmo-3-1025-7B__c14b47b7,selected_mixed__candidate__1__C_syntactic_role_C_semantic_role_,7190.46029937773,C(tense)[T.past perfect]:C(dominance)[T.-dom],0.0176103864397335,0.0342751039172922,0.6073951318320364,-0.0495675828045269,0.084788355683994,0.002061333933153,0.0302787720100631,,
he_she_odds_results__allenai_Olmo-3-1025-7B__c14b47b7,selected_mixed__candidate__1__C_syntactic_role_C_semantic_role_,7190.46029937773,C(tense)[T.present continuous]:C(dominance)[T.-dom],-0.1022456577845966,0.0342751039172922,0.0028535575595082,-0.1694236270288571,-0.0350676885403361,0.002061333933153,0.0302787720100631,,
he_she_odds_results__allenai_Olmo-3-1025-7B__c14b47b7,selected_mixed__candidate__1__C_syntactic_role_C_semantic_role_,7190.46029937773,C(tense)[T.present perfect]:C(dominance)[T.-dom],-0.0221126011439717,0.0342751039172922,0.5188296470190354,-0.0892905703882322,0.0450653681002887,0.002061333933153,0.0302787720100631,,
he_she_odds_results__allenai_Olmo-3-1025-7B__c14b47b7,selected_mixed__candidate__1__C_syntactic_role_C_semantic_role_,7190.46029937773,C(tense)[T.simple future]:C(dominance)[T.-dom],-0.1494550432477658,0.0342751039172922,1.2979235973628152e-05,-0.2166330124920263,-0.0822770740035054,0.002061333933153,0.0302787720100631,,
he_she_odds_results__allenai_Olmo-3-1025-7B__c14b47b7,selected_mixed__candidate__1__C_syntactic_role_C_semantic_role_,7190.46029937773,C(tense)[T.simple past]:C(dominance)[T.-dom],0.0121904645647334,0.0342751039172922,0.7220912466236351,-0.054987504679527,0.0793684338089939,0.002061333933153,0.0302787720100631,,
he_she_odds_results__allenai_Olmo-3-1025-7B__c14b47b7,selected_mixed__candidate__1__C_syntactic_role_C_semantic_role_,7190.46029937773,C(tense)[T.past perfect]:C(semantic_role)[T.patient],-0.0310398646763342,0.0342751039172923,0.3651425021480085,-0.0982178339205949,0.0361381045679264,0.002061333933153,0.0302787720100631,,
he_she_odds_results__allenai_Olmo-3-1025-7B__c14b47b7,selected_mixed__candidate__1__C_syntactic_role_C_semantic_role_,7190.46029937773,C(tense)[T.present continuous]:C(semantic_role)[T.patient],-0.0239576067243253,0.0342751039172923,0.4845646284976517,-0.0911355759685859,0.0432203625199353,0.002061333933153,0.0302787720100631,,
he_she_odds_results__allenai_Olmo-3-1025-7B__c14b47b7,selected_mixed__candidate__1__C_syntactic_role_C_semantic_role_,7190.46029937773,C(tense)[T.present perfect]:C(semantic_role)[T.patient],-0.0091391427176289,0.0342751039172923,0.7897457029866235,-0.0763171119618896,0.0580388265266317,0.002061333933153,0.0302787720100631,,
he_she_odds_results__allenai_Olmo-3-1025-7B__c14b47b7,selected_mixed__candidate__1__C_syntactic_role_C_semantic_role_,7190.46029937773,C(tense)[T.simple future]:C(semantic_role)[T.patient],0.1399047851562556,0.0342751039172923,4.4684508833999926e-05,0.0727268159119949,0.2070827544005163,0.002061333933153,0.0302787720100631,,
he_she_odds_results__allenai_Olmo-3-1025-7B__c14b47b7,selected_mixed__candidate__1__C_syntactic_role_C_semantic_role_,7190.46029937773,C(tense)[T.simple past]:C(semantic_role)[T.patient],-0.0663992745535665,0.0342751039172923,0.052715398793942,-0.1335772437978273,0.0007786946906941,0.002061333933153,0.0302787720100631,,
he_she_odds_results__allenai_Olmo-3-1025-7B__c14b47b7,selected_mixed__candidate__1__C_syntactic_role_C_semantic_role_,7190.46029937773,C(syntactic_role)[T.subject]:C(valence)[T.-val],-0.0354701450892846,0.019788740473151,0.073062389953017,-0.0742553637160708,0.0033150735375015,0.002061333933153,0.0302787720100631,,
he_she_odds_results__allenai_Olmo-3-1025-7B__c14b47b7,selected_mixed__candidate__1__C_syntactic_role_C_semantic_role_,7190.46029937773,C(valence)[T.-val]:C(dominance)[T.-dom],-0.0833984375000005,0.019788740473151,2.5039993433758456e-05,-0.1221836561267867,-0.0446132188732142,0.002061333933153,0.0302787720100631,,
he_she_odds_results__allenai_Olmo-3-1025-7B__c14b47b7,selected_mixed__candidate__1__C_syntactic_role_C_semantic_role_,7190.46029937773,C(valence)[T.-val]:C(semantic_role)[T.patient],0.0339477539062502,0.019788740473151,0.0862520251895344,-0.0048374647205359,0.0727329725330364,0.002061333933153,0.0302787720100631,,
he_she_odds_results__allenai_Olmo-3-1025-7B__c14b47b7,selected_mixed__candidate__1__C_syntactic_role_C_semantic_role_,7190.46029937773,C(dominance)[T.-dom]:C(semantic_role)[T.patient],0.0390279134114583,0.019788740473151,0.0485835537062985,0.0002426947846721,0.0778131320382445,0.002061333933153,0.0302787720100631,,
he_she_odds_results__google_gemma-3-4b-pt__ccb39b90,selected_mixed__candidate__1__C_tense_C_semantic_role_,4588.319404038026,Intercept,1.0870899018723998,0.3000894398603267,0.0002917096622914,0.4989254076053608,1.6752543961394388,0.0053718023360211,0.0191471772478278,,
he_she_odds_results__google_gemma-3-4b-pt__ccb39b90,selected_mixed__candidate__1__C_tense_C_semantic_role_,4588.319404038026,C(tense)[T.past perfect],-0.0010855538504463,0.0282395101698003,0.9693361046025047,-0.0564339767243076,0.054262869023415,0.0053718023360211,0.0191471772478278,,
he_she_odds_results__google_gemma-3-4b-pt__ccb39b90,selected_mixed__candidate__1__C_tense_C_semantic_role_,4588.319404038026,C(tense)[T.present continuous],-0.1005876813616067,0.0282395101698003,0.0003681125806011,-0.155936104235468,-0.0452392584877454,0.0053718023360211,0.0191471772478278,,
he_she_odds_results__google_gemma-3-4b-pt__ccb39b90,selected_mixed__candidate__1__C_tense_C_semantic_role_,4588.319404038026,C(tense)[T.present perfect],-0.1202192034040173,0.0282395101698003,2.0707001007542865e-05,-0.1755676262778786,-0.0648707805301559,0.0053718023360211,0.0191471772478278,,
he_she_odds_results__google_gemma-3-4b-pt__ccb39b90,selected_mixed__candidate__1__C_tense_C_semantic_role_,4588.319404038026,C(tense)[T.simple future],0.2559631347656257,0.0282395101698003,1.257436518047553e-19,0.2006147118917643,0.311311557639487,0.0053718023360211,0.0191471772478278,,
he_she_odds_results__google_gemma-3-4b-pt__ccb39b90,selected_mixed__candidate__1__C_tense_C_semantic_role_,4588.319404038026,C(tense)[T.simple past],-0.1437282017299101,0.0282395101698004,3.587934162146446e-07,-0.1990766246037715,-0.0883797788560486,0.0053718023360211,0.0191471772478278,,
he_she_odds_results__google_gemma-3-4b-pt__ccb39b90,selected_mixed__candidate__1__C_tense_C_semantic_role_,4588.319404038026,C(syntactic_role)[T.subject],-0.4436721075146784,0.0435809837060634,2.4254730737896063e-24,-0.5290892659893897,-0.3582549490399671,0.0053718023360211,0.0191471772478278,,
he_she_odds_results__google_gemma-3-4b-pt__ccb39b90,selected_mixed__candidate__1__C_tense_C_semantic_role_,4588.319404038026,C(valence)[T.-val],0.1500877743675583,0.0244561331974763,8.408389435415136e-10,0.1021546340993903,0.1980209146357263,0.0053718023360211,0.0191471772478278,,
he_she_odds_results__google_gemma-3-4b-pt__ccb39b90,selected_mixed__candidate__1__C_tense_C_semantic_role_,4588.319404038026,C(dominance)[T.-dom],0.1810169038318446,0.0230574635007159,4.137680180398044e-15,0.1358251057955946,0.2262087018680947,0.0053718023360211,0.0191471772478278,,
he_she_odds_results__google_gemma-3-4b-pt__ccb39b90,selected_mixed__candidate__1__C_tense_C_semantic_role_,4588.319404038026,C(semantic_role)[T.patient],-0.1017066592265054,0.0254857504971055,6.587121438232703e-05,-0.1516578123198062,-0.0517555061332047,0.0053718023360211,0.0191471772478278,,
he_she_odds_results__google_gemma-3-4b-pt__ccb39b90,selected_mixed__candidate__1__C_tense_C_semantic_role_,4588.319404038026,C(tense)[T.past perfect]:C(syntactic_role)[T.subject],0.0338160923549089,0.0282395101698003,0.2311216742464136,-0.0215323305189523,0.0891645152287702,0.0053718023360211,0.0191471772478278,,
he_she_odds_results__google_gemma-3-4b-pt__ccb39b90,selected_mixed__candidate__1__C_tense_C_semantic_role_,4588.319404038026,C(tense)[T.present continuous]:C(syntactic_role)[T.subject],0.1352042061941945,0.0282395101698003,1.6864694872552051e-06,0.0798557833203331,0.1905526290680557,0.0053718023360211,0.0191471772478278,,
he_she_odds_results__google_gemma-3-4b-pt__ccb39b90,selected_mixed__candidate__1__C_tense_C_semantic_role_,4588.319404038026,C(tense)[T.present perfect]:C(syntactic_role)[T.subject],0.1449541364397301,0.0282395101698003,2.851206887362557e-07,0.0896057135658688,0.2003025593135914,0.0053718023360211,0.0191471772478278,,
he_she_odds_results__google_gemma-3-4b-pt__ccb39b90,selected_mixed__candidate__1__C_tense_C_semantic_role_,4588.319404038026,C(tense)[T.simple future]:C(syntactic_role)[T.subject],0.2077514648437481,0.0282395101698003,1.8841938708534885e-13,0.1524030419698868,0.2630998877176094,0.0053718023360211,0.0191471772478278,,
he_she_odds_results__google_gemma-3-4b-pt__ccb39b90,selected_mixed__candidate__1__C_tense_C_semantic_role_,4588.319404038026,C(tense)[T.simple past]:C(syntactic_role)[T.subject],0.1052812848772302,0.0282395101698003,0.000192886361399,0.0499328620033688,0.1606297077510915,0.0053718023360211,0.0191471772478278,,
he_she_odds_results__google_gemma-3-4b-pt__ccb39b90,selected_mixed__candidate__1__C_tense_C_semantic_role_,4588.319404038026,C(tense)[T.past perfect]:C(valence)[T.-val],0.0171447753906258,0.0282395101698005,0.5437711848347012,-0.0382036474832358,0.0724931982644875,0.0053718023360211,0.0191471772478278,,
he_she_odds_results__google_gemma-3-4b-pt__ccb39b90,selected_mixed__candidate__1__C_tense_C_semantic_role_,4588.319404038026,C(tense)[T.present continuous]:C(valence)[T.-val],-0.0698146275111599,0.0282395101698005,0.0134272256496047,-0.1251630503850216,-0.0144662046372982,0.0053718023360211,0.0191471772478278,,
he_she_odds_results__google_gemma-3-4b-pt__ccb39b90,selected_mixed__candidate__1__C_tense_C_semantic_role_,4588.319404038026,C(tense)[T.present perfect]:C(valence)[T.-val],0.0402317592075899,0.0282395101698005,0.1542549063671038,-0.0151166636662717,0.0955801820814516,0.0053718023360211,0.0191471772478278,,
he_she_odds_results__google_gemma-3-4b-pt__ccb39b90,selected_mixed__candidate__1__C_tense_C_semantic_role_,4588.319404038026,C(tense)[T.simple future]:C(valence)[T.-val],0.0269112723214291,0.0282395101698005,0.3406076696476914,-0.0284371505524325,0.0822596951952908,0.0053718023360211,0.0191471772478278,,
he_she_odds_results__google_gemma-3-4b-pt__ccb39b90,selected_mixed__candidate__1__C_tense_C_semantic_role_,4588.319404038026,C(tense)[T.simple past]:C(valence)[T.-val],0.1079825265066969,0.0282395101698005,0.0001314050948707,0.0526341036328352,0.1633309493805587,0.0053718023360211,0.0191471772478278,,
he_she_odds_results__google_gemma-3-4b-pt__ccb39b90,selected_mixed__candidate__1__C_tense_C_semantic_role_,4588.319404038026,C(tense)[T.past perfect]:C(dominance)[T.-dom],-0.0315560477120529,0.0282395101698005,0.2638048863995508,-0.0869044705859146,0.0237923751618087,0.0053718023360211,0.0191471772478278,,
he_she_odds_results__google_gemma-3-4b-pt__ccb39b90,selected_mixed__candidate__1__C_tense_C_semantic_role_,4588.319404038026,C(tense)[T.present continuous]:C(dominance)[T.-dom],-0.0829964773995531,0.0282395101698005,0.003292521196223,-0.1383449002734148,-0.0276480545256914,0.0053718023360211,0.0191471772478278,,
he_she_odds_results__google_gemma-3-4b-pt__ccb39b90,selected_mixed__candidate__1__C_tense_C_semantic_role_,4588.319404038026,C(tense)[T.present perfect]:C(dominance)[T.-dom],-0.0072239467075888,0.0282395101698005,0.798097617215056,-0.0625723695814505,0.0481244761662728,0.0053718023360211,0.0191471772478278,,
he_she_odds_results__google_gemma-3-4b-pt__ccb39b90,selected_mixed__candidate__1__C_tense_C_semantic_role_,4588.319404038026,C(tense)[T.simple future]:C(dominance)[T.-dom],-0.1119838169642853,0.0282395101698005,7.324182406323753e-05,-0.1673322398381471,-0.0566353940904236,0.0053718023360211,0.0191471772478278,,
he_she_odds_results__google_gemma-3-4b-pt__ccb39b90,selected_mixed__candidate__1__C_tense_C_semantic_role_,4588.319404038026,C(tense)[T.simple past]:C(dominance)[T.-dom],-0.0003618512834817,0.0282395101698005,0.989776463891596,-0.0557102741573435,0.05498657159038,0.0053718023360211,0.0191471772478278,,
he_she_odds_results__google_gemma-3-4b-pt__ccb39b90,selected_mixed__candidate__1__C_tense_C_semantic_role_,4588.319404038026,C(syntactic_role)[T.subject]:C(valence)[T.-val],-0.0926757812499995,0.0163040887983175,1.3142264513626672e-08,-0.1246312080954448,-0.0607203544045543,0.0053718023360211,0.0191471772478278,,
he_she_odds_results__google_gemma-3-4b-pt__ccb39b90,selected_mixed__candidate__1__C_tense_C_semantic_role_,4588.319404038026,C(syntactic_role)[T.subject]:C(semantic_role)[T.patient],-0.0285894484747024,0.0163040887983175,0.0795138131930589,-0.0605448753201477,0.0033659783707427,0.0053718023360211,0.0191471772478278,,
he_she_odds_results__google_gemma-3-4b-pt__ccb39b90,selected_mixed__candidate__1__C_tense_C_semantic_role_,4588.319404038026,C(valence)[T.-val]:C(dominance)[T.-dom],-0.2015904017857142,0.0163040887983175,4.0720151784331906e-35,-0.2335458286311595,-0.1696349749402689,0.0053718023360211,0.0191471772478278,,
he_she_odds_results__google_gemma-3-4b-pt__ccb39b90,selected_mixed__candidate__1__C_tense_C_semantic_role_,4588.319404038026,C(valence)[T.-val]:C(semantic_role)[T.patient],0.038557361421131,0.0163040887983175,0.0180354720841953,0.0066019345756858,0.0705127882665763,0.0053718023360211,0.0191471772478278,,
he_she_odds_results__google_gemma-3-4b-pt__ccb39b90,selected_mixed__candidate__1__C_tense_C_semantic_role_,4588.319404038026,C(dominance)[T.-dom]:C(semantic_role)[T.patient],0.0362240745907737,0.0163040887983175,0.0262982757620139,0.0042686477453285,0.068179501436219,0.0053718023360211,0.0191471772478278,,
he_she_odds_results__gpt2__54292870,selected_mixed__candidate__2__C_dominance_C_semantic_role_,2194.2018635791173,Intercept,0.747401687824421,0.2422316258769112,0.0020322149088988,0.2726364251890943,1.2221669504597477,0.0044378060778542,0.030552589068522,,
he_she_odds_results__gpt2__54292870,selected_mixed__candidate__2__C_dominance_C_semantic_role_,2194.2018635791173,C(tense)[T.past perfect],0.0316300207461105,0.0263628647666936,0.2302191519884461,-0.0200402447259089,0.0833002862181301,0.0044378060778542,0.030552589068522,,
he_she_odds_results__gpt2__54292870,selected_mixed__candidate__2__C_dominance_C_semantic_role_,2194.2018635791173,C(tense)[T.present continuous],0.086726322090858,0.0263628647666936,0.0010028876497848,0.0350560566188385,0.1383965875628776,0.0044378060778542,0.030552589068522,,
he_she_odds_results__gpt2__54292870,selected_mixed__candidate__2__C_dominance_C_semantic_role_,2194.2018635791173,C(tense)[T.present perfect],-0.1500241738151591,0.0263628647666937,1.2649097662860937e-08,-0.2016944392871787,-0.0983539083431395,0.0044378060778542,0.030552589068522,,
he_she_odds_results__gpt2__54292870,selected_mixed__candidate__2__C_dominance_C_semantic_role_,2194.2018635791173,C(tense)[T.simple future],0.1323315374562582,0.0263628647666936,5.177405842513867e-07,0.0806612719842386,0.1840018029282777,0.0044378060778542,0.030552589068522,,
he_she_odds_results__gpt2__54292870,selected_mixed__candidate__2__C_dominance_C_semantic_role_,2194.2018635791173,C(tense)[T.simple past],0.0133541756019071,0.0263628647666936,0.6124688294731602,-0.0383160898701123,0.0650244410739265,0.0044378060778542,0.030552589068522,,
he_she_odds_results__gpt2__54292870,selected_mixed__candidate__2__C_dominance_C_semantic_role_,2194.2018635791173,C(syntactic_role)[T.subject],-0.0507708485478327,0.0505271689085979,0.3149822097171619,-0.1498022798494567,0.0482605827537912,0.0044378060778542,0.030552589068522,,
he_she_odds_results__gpt2__54292870,selected_mixed__candidate__2__C_dominance_C_semantic_role_,2194.2018635791173,C(valence)[T.-val],0.212727940332498,0.019252714284235,2.210683281182014e-28,0.1749933137307573,0.2504625669342386,0.0044378060778542,0.030552589068522,,
he_she_odds_results__gpt2__54292870,selected_mixed__candidate__2__C_dominance_C_semantic_role_,2194.2018635791173,C(dominance)[T.-dom],0.1169889008513575,0.0180092651542641,8.246192209932723e-11,0.0816913897609676,0.1522864119417473,0.0044378060778542,0.030552589068522,,
he_she_odds_results__gpt2__54292870,selected_mixed__candidate__2__C_dominance_C_semantic_role_,2194.2018635791173,C(semantic_role)[T.patient],-0.1428975590918168,0.0253242922865513,1.6739717433430996e-08,-0.1925322599074229,-0.0932628582762106,0.0044378060778542,0.030552589068522,,
he_she_odds_results__gpt2__54292870,selected_mixed__candidate__2__C_dominance_C_semantic_role_,2194.2018635791173,C(tense)[T.past perfect]:C(syntactic_role)[T.subject],0.1133765704466246,0.0235796630799844,1.5226841042332343e-06,0.0671612800422663,0.1595918608509829,0.0044378060778542,0.030552589068522,,
he_she_odds_results__gpt2__54292870,selected_mixed__candidate__2__C_dominance_C_semantic_role_,2194.2018635791173,C(tense)[T.present continuous]:C(syntactic_role)[T.subject],0.0043182834764592,0.0235796630799844,0.8546913661147009,-0.041897006927899,0.0505335738808175,0.0044378060778542,0.030552589068522,,
he_she_odds_results__gpt2__54292870,selected_mixed__candidate__2__C_dominance_C_semantic_role_,2194.2018635791173,C(tense)[T.present perfect]:C(syntactic_role)[T.subject],0.0915494555050305,0.0235796630799844,0.0001033625221225,0.0453341651006721,0.1377647459093888,0.0044378060778542,0.030552589068522,,
he_she_odds_results__gpt2__54292870,selected_mixed__candidate__2__C_dominance_C_semantic_role_,2194.2018635791173,C(tense)[T.simple future]:C(syntactic_role)[T.subject],-0.0404790080911232,0.0235796630799844,0.0860355469922185,-0.0866942984954815,0.005736282313235,0.0044378060778542,0.030552589068522,,
he_she_odds_results__gpt2__54292870,selected_mixed__candidate__2__C_dominance_C_semantic_role_,2194.2018635791173,C(tense)[T.simple past]:C(syntactic_role)[T.subject],-0.0568063113941338,0.0235796630799844,0.0159909025764964,-0.1030216017984922,-0.0105910209897755,0.0044378060778542,0.030552589068522,,
he_she_odds_results__gpt2__54292870,selected_mixed__candidate__2__C_dominance_C_semantic_role_,2194.2018635791173,C(tense)[T.past perfect]:C(valence)[T.-val],-0.062591759774245,0.0235796630799845,0.0079430591108079,-0.1088070501786034,-0.0163764693698865,0.0044378060778542,0.030552589068522,,
he_she_odds_results__gpt2__54292870,selected_mixed__candidate__2__C_dominance_C_semantic_role_,2194.2018635791173,C(tense)[T.present continuous]:C(valence)[T.-val],-0.034601546193882,0.0235796630799845,0.142258643492972,-0.0808168365982404,0.0116137442104764,0.0044378060778542,0.030552589068522,,
he_she_odds_results__gpt2__54292870,selected_mixed__candidate__2__C_dominance_C_semantic_role_,2194.2018635791173,C(tense)[T.present perfect]:C(valence)[T.-val],-0.0668925193674778,0.0235796630799845,0.0045557670005684,-0.1131078097718362,-0.0206772289631193,0.0044378060778542,0.030552589068522,,
he_she_odds_results__gpt2__54292870,selected_mixed__candidate__2__C_dominance_C_semantic_role_,2194.2018635791173,C(tense)[T.simple future]:C(valence)[T.-val],0.0401771001981338,0.0235796630799845,0.088402051076943,-0.0060381902062246,0.0863923906024922,0.0044378060778542,0.030552589068522,,
he_she_odds_results__gpt2__54292870,selected_mixed__candidate__2__C_dominance_C_semantic_role_,2194.2018635791173,C(tense)[T.simple past]:C(valence)[T.-val],-0.0327709341755394,0.0235796630799845,0.1645906689189973,-0.0789862245798978,0.0134443562288189,0.0044378060778542,0.030552589068522,,
he_she_odds_results__gpt2__54292870,selected_mixed__candidate__2__C_dominance_C_semantic_role_,2194.2018635791173,C(tense)[T.past perfect]:C(dominance)[T.-dom],0.0147183190218379,0.0235796630799845,0.5324992175184333,-0.0314969713825205,0.0609336094261964,0.0044378060778542,0.030552589068522,,
he_she_odds_results__gpt2__54292870,selected_mixed__candidate__2__C_dominance_C_semantic_role_,2194.2018635791173,C(tense)[T.present continuous]:C(dominance)[T.-dom],-0.0198625288751967,0.0235796630799845,0.3995873327723326,-0.0660778192795552,0.0263527615291616,0.0044378060778542,0.030552589068522,,
he_she_odds_results__gpt2__54292870,selected_mixed__candidate__2__C_dominance_C_semantic_role_,2194.2018635791173,C(tense)[T.present perfect]:C(dominance)[T.-dom],-0.066681998693302,0.0235796630799845,0.0046847802413347,-0.1128972890976605,-0.0204667082889435,0.0044378060778542,0.030552589068522,,
he_she_odds_results__gpt2__54292870,selected_mixed__candidate__2__C_dominance_C_semantic_role_,2194.2018635791173,C(tense)[T.simple future]:C(dominance)[T.-dom],0.0319300763627053,0.0235796630799845,0.1756929153750512,-0.0142852140416531,0.0781453667670638,0.0044378060778542,0.030552589068522,,
he_she_odds_results__gpt2__54292870,selected_mixed__candidate__2__C_dominance_C_semantic_role_,2194.2018635791173,C(tense)[T.simple past]:C(dominance)[T.-dom],0.047618909817433,0.0235796630799845,0.0434362450773261,0.0014036194130746,0.0938342002217914,0.0044378060778542,0.030552589068522,,
he_she_odds_results__gpt2__54292870,selected_mixed__candidate__2__C_dominance_C_semantic_role_,2194.2018635791173,C(tense)[T.past perfect]:C(semantic_role)[T.patient],-0.0007275329364356,0.0235796630799845,0.975385771794054,-0.046942823340794,0.0454877574679228,0.0044378060778542,0.030552589068522,,
he_she_odds_results__gpt2__54292870,selected_mixed__candidate__2__C_dominance_C_semantic_role_,2194.2018635791173,C(tense)[T.present continuous]:C(semantic_role)[T.patient],-0.0120035753766268,0.0235796630799845,0.6107068363976862,-0.0582188657809852,0.0342117150277316,0.0044378060778542,0.030552589068522,,
he_she_odds_results__gpt2__54292870,selected_mixed__candidate__2__C_dominance_C_semantic_role_,2194.2018635791173,C(tense)[T.present perfect]:C(semantic_role)[T.patient],0.0246372569439694,0.0235796630799845,0.2960914004673931,-0.0215780334603889,0.0708525473483279,0.0044378060778542,0.030552589068522,,
he_she_odds_results__gpt2__54292870,selected_mixed__candidate__2__C_dominance_C_semantic_role_,2194.2018635791173,C(tense)[T.simple future]:C(semantic_role)[T.patient],-0.0262387407026849,0.0235796630799845,0.2658072408585537,-0.0724540311070433,0.0199765497016734,0.0044378060778542,0.030552589068522,,
he_she_odds_results__gpt2__54292870,selected_mixed__candidate__2__C_dominance_C_semantic_role_,2194.2018635791173,C(tense)[T.simple past]:C(semantic_role)[T.patient],0.0390315907467854,0.0235796630799844,0.0978621589710235,-0.0071836996575729,0.0852468811511437,0.0044378060778542,0.030552589068522,,
he_she_odds_results__gpt2__54292870,selected_mixed__candidate__2__C_dominance_C_semantic_role_,2194.2018635791173,C(syntactic_role)[T.subject]:C(valence)[T.-val],-0.0306853142294996,0.0136137248266297,0.0241962674658988,-0.0573677245851327,-0.0040029038738666,0.0044378060778542,0.030552589068522,,
he_she_odds_results__gpt2__54292870,selected_mixed__candidate__2__C_dominance_C_semantic_role_,2194.2018635791173,C(syntactic_role)[T.subject]:C(semantic_role)[T.patient],0.0618975440720354,0.0136137248266297,5.449317908296691e-06,0.0352151337164024,0.0885799544276685,0.0044378060778542,0.030552589068522,,
he_she_odds_results__gpt2__54292870,selected_mixed__candidate__2__C_dominance_C_semantic_role_,2194.2018635791173,C(valence)[T.-val]:C(dominance)[T.-dom],-0.1870987978085138,0.0136137248266297,5.57967265877387e-43,-0.2137812081641468,-0.1604163874528807,0.0044378060778542,0.030552589068522,,
he_she_odds_results__mistralai_Mistral-7B-v0.3__bb457d4b,selected_mixed__candidate__2__C_valence_C_dominance_,5551.970846546523,Intercept,1.3227347237723863,0.3126793456963589,2.33355678937792e-05,0.7098944674979739,1.9355749800467992,0.0044311888775035,0.0067544016563268,,
he_she_odds_results__mistralai_Mistral-7B-v0.3__bb457d4b,selected_mixed__candidate__2__C_valence_C_dominance_,5551.970846546523,C(tense)[T.past perfect],0.0584119524274618,0.0339308012157382,0.0851597146756104,-0.008091195921973,0.1249151007768967,0.0044311888775035,0.0067544016563268,,
he_she_odds_results__mistralai_Mistral-7B-v0.3__bb457d4b,selected_mixed__candidate__2__C_valence_C_dominance_,5551.970846546523,C(tense)[T.present continuous],0.2086172921317034,0.0339308012157382,7.830984078026082e-10,0.1421141437822685,0.2751204404811383,0.0044311888775035,0.0067544016563268,,
he_she_odds_results__mistralai_Mistral-7B-v0.3__bb457d4b,selected_mixed__candidate__2__C_valence_C_dominance_,5551.970846546523,C(tense)[T.present perfect],0.1161366053990029,0.0339308012157383,0.0006199136199891,0.0496334570495679,0.1826397537484379,0.0044311888775035,0.0067544016563268,,
he_she_odds_results__mistralai_Mistral-7B-v0.3__bb457d4b,selected_mixed__candidate__2__C_valence_C_dominance_,5551.970846546523,C(tense)[T.simple future],0.4904057094029108,0.0339308012157383,2.3960632616337407e-47,0.4239025610534759,0.5569088577523458,0.0044311888775035,0.0067544016563268,,
he_she_odds_results__mistralai_Mistral-7B-v0.3__bb457d4b,selected_mixed__candidate__2__C_valence_C_dominance_,5551.970846546523,C(tense)[T.simple past],-0.0113566807338101,0.0339308012157383,0.7378504772452543,-0.0778598290832451,0.0551464676156248,0.0044311888775035,0.0067544016563268,,
he_she_odds_results__mistralai_Mistral-7B-v0.3__bb457d4b,selected_mixed__candidate__2__C_valence_C_dominance_,5551.970846546523,C(syntactic_role)[T.subject],-0.0536751883370402,0.034252544779204,0.1171047924583392,-0.1208089424831257,0.0134585658090451,0.0044311888775035,0.0067544016563268,,
he_she_odds_results__mistralai_Mistral-7B-v0.3__bb457d4b,selected_mixed__candidate__2__C_valence_C_dominance_,5551.970846546523,C(valence)[T.-val],0.064992559523811,0.0231791499671487,0.005048490755239,0.0195622603959467,0.1104228586516754,0.0044311888775035,0.0067544016563268,,
he_she_odds_results__mistralai_Mistral-7B-v0.3__bb457d4b,selected_mixed__candidate__2__C_valence_C_dominance_,5551.970846546523,C(dominance)[T.-dom],-0.0042961483909964,0.0231791499671487,0.8529581454012225,-0.0497264475188608,0.0411341507368679,0.0044311888775035,0.0067544016563268,,
he_she_odds_results__mistralai_Mistral-7B-v0.3__bb457d4b,selected_mixed__candidate__2__C_valence_C_dominance_,5551.970846546523,C(semantic_role)[T.patient],0.0961595807756785,0.0292196249881808,0.0009985869801126,0.0388901681570775,0.1534289933942795,0.0044311888775035,0.0067544016563268,,
he_she_odds_results__mistralai_Mistral-7B-v0.3__bb457d4b,selected_mixed__candidate__2__C_valence_C_dominance_,5551.970846546523,C(tense)[T.past perfect]:C(syntactic_role)[T.subject],0.0637241908482098,0.0303486312197696,0.0357518466472775,0.0042419666773735,0.1232064150190461,0.0044311888775035,0.0067544016563268,,
he_she_odds_results__mistralai_Mistral-7B-v0.3__bb457d4b,selected_mixed__candidate__2__C_valence_C_dominance_,5551.970846546523,C(tense)[T.present continuous]:C(syntactic_role)[T.subject],0.0986005510602632,0.0303486312197696,0.0011584034778561,0.0391183268894269,0.1580827752310996,0.0044311888775035,0.0067544016563268,,
he_she_odds_results__mistralai_Mistral-7B-v0.3__bb457d4b,selected_mixed__candidate__2__C_valence_C_dominance_,5551.970846546523,C(tense)[T.present perfect]:C(syntactic_role)[T.subject],0.1475755964006649,0.0303486312197696,1.1580863746367662e-06,0.0880933722298285,0.2070578205715012,0.0044311888775035,0.0067544016563268,,
he_she_odds_results__mistralai_Mistral-7B-v0.3__bb457d4b,selected_mixed__candidate__2__C_valence_C_dominance_,5551.970846546523,C(tense)[T.simple future]:C(syntactic_role)[T.subject],0.2279959542410661,0.0303486312197696,5.798154981125e-14,0.1685137300702298,0.2874781784119025,0.0044311888775035,0.0067544016563268,,
he_she_odds_results__mistralai_Mistral-7B-v0.3__bb457d4b,selected_mixed__candidate__2__C_valence_C_dominance_,5551.970846546523,C(tense)[T.simple past]:C(syntactic_role)[T.subject],0.0792964390345937,0.0303486312197696,0.0089790545834102,0.0198142148637573,0.1387786632054301,0.0044311888775035,0.0067544016563268,,
he_she_odds_results__mistralai_Mistral-7B-v0.3__bb457d4b,selected_mixed__candidate__2__C_valence_C_dominance_,5551.970846546523,C(tense)[T.past perfect]:C(valence)[T.-val],-0.0711556570870552,0.0303486312197694,0.0190470705216816,-0.1306378812578912,-0.0116734329162192,0.0044311888775035,0.0067544016563268,,
he_she_odds_results__mistralai_Mistral-7B-v0.3__bb457d4b,selected_mixed__candidate__2__C_valence_C_dominance_,5551.970846546523,C(tense)[T.present continuous]:C(valence)[T.-val],-0.0648236955915196,0.0303486312197694,0.0326820478203821,-0.1243059197623556,-0.0053414714206836,0.0044311888775035,0.0067544016563268,,
he_she_odds_results__mistralai_Mistral-7B-v0.3__bb457d4b,selected_mixed__candidate__2__C_valence_C_dominance_,5551.970846546523,C(tense)[T.present perfect]:C(valence)[T.-val],-0.0603886195591538,0.0303486312197694,0.0466096556947074,-0.1198708437299897,-0.0009063953883178,0.0044311888775035,0.0067544016563268,,
he_she_odds_results__mistralai_Mistral-7B-v0.3__bb457d4b,selected_mixed__candidate__2__C_valence_C_dominance_,5551.970846546523,C(tense)[T.simple future]:C(valence)[T.-val],0.0496564592633901,0.0303486312197694,0.1017975374807393,-0.0098257649074457,0.109138683434226,0.0044311888775035,0.0067544016563268,,
he_she_odds_results__mistralai_Mistral-7B-v0.3__bb457d4b,selected_mixed__candidate__2__C_valence_C_dominance_,5551.970846546523,C(tense)[T.simple past]:C(valence)[T.-val],-0.0585959298270107,0.0303486312197693,0.0535127121466152,-0.1180781539978467,0.0008862943438251,0.0044311888775035,0.0067544016563268,,
he_she_odds_results__mistralai_Mistral-7B-v0.3__bb457d4b,selected_mixed__candidate__2__C_valence_C_dominance_,5551.970846546523,C(tense)[T.past perfect]:C(dominance)[T.-dom],-0.0798618861607149,0.0303486312197694,0.0085013293030269,-0.1393441103315508,-0.0203796619898789,0.0044311888775035,0.0067544016563268,,
he_she_odds_results__mistralai_Mistral-7B-v0.3__bb457d4b,selected_mixed__candidate__2__C_valence_C_dominance_,5551.970846546523,C(tense)[T.present continuous]:C(dominance)[T.-dom],-0.1113351004464293,0.0303486312197694,0.000243941642893,-0.1708173246172653,-0.0518528762755933,0.0044311888775035,0.0067544016563268,,
he_she_odds_results__mistralai_Mistral-7B-v0.3__bb457d4b,selected_mixed__candidate__2__C_valence_C_dominance_,5551.970846546523,C(tense)[T.present perfect]:C(dominance)[T.-dom],-0.0977979387555813,0.0303486312197694,0.0012708484457631,-0.1572801629264173,-0.0383157145847454,0.0044311888775035,0.0067544016563268,,
he_she_odds_results__mistralai_Mistral-7B-v0.3__bb457d4b,selected_mixed__candidate__2__C_valence_C_dominance_,5551.970846546523,C(tense)[T.simple future]:C(dominance)[T.-dom],-0.2188337053571442,0.0303486312197694,5.568073209680278e-13,-0.2783159295279802,-0.1593514811863083,0.0044311888775035,0.0067544016563268,,
he_she_odds_results__mistralai_Mistral-7B-v0.3__bb457d4b,selected_mixed__candidate__2__C_valence_C_dominance_,5551.970846546523,C(tense)[T.simple past]:C(dominance)[T.-dom],-0.0551770891462061,0.0303486312197693,0.0690476278293103,-0.114659313317042,0.0043051350246297,0.0044311888775035,0.0067544016563268,,
he_she_odds_results__mistralai_Mistral-7B-v0.3__bb457d4b,selected_mixed__candidate__2__C_valence_C_dominance_,5551.970846546523,C(tense)[T.past perfect]:C(semantic_role)[T.patient],-0.0006112234933071,0.0303486312197695,0.9839316370610064,-0.0600934476641433,0.058871000677529,0.0044311888775035,0.0067544016563268,,
he_she_odds_results__mistralai_Mistral-7B-v0.3__bb457d4b,selected_mixed__candidate__2__C_valence_C_dominance_,5551.970846546523,C(tense)[T.present continuous]:C(semantic_role)[T.patient],-0.0199916294642894,0.0303486312197695,0.5100675644880532,-0.0794738536351256,0.0394905947065467,0.0044311888775035,0.0067544016563268,,
he_she_odds_results__mistralai_Mistral-7B-v0.3__bb457d4b,selected_mixed__candidate__2__C_valence_C_dominance_,5551.970846546523,C(tense)[T.present perfect]:C(semantic_role)[T.patient],0.0176273890903978,0.0303486312197695,0.5613551755772139,-0.0418548350804383,0.0771096132612341,0.0044311888775035,0.0067544016563268,,
he_she_odds_results__mistralai_Mistral-7B-v0.3__bb457d4b,selected_mixed__candidate__2__C_valence_C_dominance_,5551.970846546523,C(tense)[T.simple future]:C(semantic_role)[T.patient],0.0688982282366024,0.0303486312197695,0.0231939210589596,0.0094160040657661,0.1283804524074386,0.0044311888775035,0.0067544016563268,,
he_she_odds_results__mistralai_Mistral-7B-v0.3__bb457d4b,selected_mixed__candidate__2__C_valence_C_dominance_,5551.970846546523,C(tense)[T.simple past]:C(semantic_role)[T.patient],-0.0329829624721019,0.0303486312197695,0.2771241872876258,-0.0924651866429382,0.0264992616987343,0.0044311888775035,0.0067544016563268,,
he_she_odds_results__mistralai_Mistral-7B-v0.3__bb457d4b,selected_mixed__candidate__2__C_valence_C_dominance_,5551.970846546523,C(syntactic_role)[T.subject]:C(valence)[T.-val],-0.0845331101190473,0.0175217904042706,1.4038577174722345e-06,-0.1188751882560772,-0.0501910319820173,0.0044311888775035,0.0067544016563268,,
he_she_odds_results__mistralai_Mistral-7B-v0.3__bb457d4b,selected_mixed__candidate__2__C_valence_C_dominance_,5551.970846546523,C(syntactic_role)[T.subject]:C(dominance)[T.-dom],0.0340561639694941,0.0175217904042706,0.0519381123637515,-0.0002859141675358,0.0683982421065241,0.0044311888775035,0.0067544016563268,,
he_she_odds_results__mistralai_Mistral-7B-v0.3__bb457d4b,selected_mixed__candidate__2__C_valence_C_dominance_,5551.970846546523,C(syntactic_role)[T.subject]:C(semantic_role)[T.patient],-0.2118887765066967,0.0175217904042706,1.151877661756519e-33,-0.2462308546437268,-0.1775466983696667,0.0044311888775035,0.0067544016563268,,
mistralai_Mistral-7B-v0.3,selected_mixed_random_slopes__candidate__0__C_valence_C_dominance_,5524.239998067154,Intercept,1.402562238395856,0.259562545621245,6.533045746076683e-08,0.8938289972426812,1.911295479549031,0.004462288094900696,0.00676220864906684,0.011297683652074826,0.005592743041191549
mistralai_Mistral-7B-v0.3,selected_mixed_random_slopes__candidate__0__C_valence_C_dominance_,5524.239998067154,C(tense)[T.past perfect],0.0581063406808039,0.0302123225486738,0.0544466192399974,-0.0011087234039042,0.117321404765512,0.004462288094900696,0.00676220864906684,0.011297683652074826,0.005592743041191549
mistralai_Mistral-7B-v0.3,selected_mixed_random_slopes__candidate__0__C_valence_C_dominance_,5524.239998067154,C(tense)[T.present continuous],0.1986214773995538,0.0302123225486738,4.891950980305035e-11,0.1394064133148456,0.2578365414842619,0.004462288094900696,0.00676220864906684,0.011297683652074826,0.005592743041191549
mistralai_Mistral-7B-v0.3,selected_mixed_random_slopes__candidate__0__C_valence_C_dominance_,5524.239998067154,C(tense)[T.present perfect],0.1249502999441968,0.0302123225486738,3.5381316843563666e-05,0.0657352358594887,0.184165364028905,0.004462288094900696,0.00676220864906684,0.011297683652074826,0.005592743041191549
mistralai_Mistral-7B-v0.3,selected_mixed_random_slopes__candidate__0__C_valence_C_dominance_,5524.239998067154,C(tense)[T.simple future],0.524854823521205,0.0302123225486738,1.339645087424204e-67,0.4656397594364969,0.5840698876059132,0.004462288094900696,0.00676220864906684,0.011297683652074826,0.005592743041191549
mistralai_Mistral-7B-v0.3,selected_mixed_random_slopes__candidate__0__C_valence_C_dominance_,5524.239998067154,C(tense)[T.simple past],-0.0278481619698655,0.0302123225486738,0.3566597936466678,-0.0870632260545737,0.0313669021148425,0.004462288094900696,0.00676220864906684,0.011297683652074826,0.005592743041191549
mistralai_Mistral-7B-v0.3,selected_mixed_random_slopes__candidate__0__C_valence_C_dominance_,5524.239998067154,C(syntactic_role)[T.subject],-0.1589899472292949,0.0329377665499107,1.386188917233988e-06,-0.223546783398308,-0.0944331110602818,0.004462288094900696,0.00676220864906684,0.011297683652074826,0.005592743041191549
mistralai_Mistral-7B-v0.3,selected_mixed_random_slopes__candidate__0__C_valence_C_dominance_,5524.239998067154,C(valence)[T.-val],0.0678184025472391,0.0342184984605771,0.0474879462400245,0.0007513779594685,0.1348854271350096,0.004462288094900696,0.00676220864906684,0.011297683652074826,0.005592743041191549
mistralai_Mistral-7B-v0.3,selected_mixed_random_slopes__candidate__0__C_valence_C_dominance_,5524.239998067154,C(dominance)[T.-dom],-0.0034083643030254,0.0302755022147078,0.9103648967702188,-0.0627472582577154,0.0559305296516645,0.004462288094900696,0.00676220864906684,0.011297683652074826,0.005592743041191549
mistralai_Mistral-7B-v0.3,selected_mixed_random_slopes__candidate__0__C_valence_C_dominance_,5524.239998067154,C(tense)[T.past perfect]:C(syntactic_role)[T.subject],0.0637241908482141,0.0302123225486738,0.0349262934856559,0.004509126763506,0.1229392549329222,0.004462288094900696,0.00676220864906684,0.011297683652074826,0.005592743041191549
mistralai_Mistral-7B-v0.3,selected_mixed_random_slopes__candidate__0__C_valence_C_dominance_,5524.239998067154,C(tense)[T.present continuous]:C(syntactic_role)[T.subject],0.0986005510602677,0.0302123225486738,0.0011001130003786,0.0393854869755597,0.1578156151449758,0.004462288094900696,0.00676220864906684,0.011297683652074826,0.005592743041191549
mistralai_Mistral-7B-v0.3,selected_mixed_random_slopes__candidate__0__C_valence_C_dominance_,5524.239998067154,C(tense)[T.present perfect]:C(syntactic_role)[T.subject],0.1475755964006694,0.0302123225486738,1.0363057879781245e-06,0.0883605323159613,0.2067906604853776,0.004462288094900696,0.00676220864906684,0.011297683652074826,0.005592743041191549
mistralai_Mistral-7B-v0.3,selected_mixed_random_slopes__candidate__0__C_valence_C_dominance_,5524.239998067154,C(tense)[T.simple future]:C(syntactic_role)[T.subject],0.2279959542410714,0.0302123225486738,4.472630584897818e-14,0.1687808901563633,0.2872110183257795,0.004462288094900696,0.00676220864906684,0.011297683652074826,0.005592743041191549
mistralai_Mistral-7B-v0.3,selected_mixed_random_slopes__candidate__0__C_valence_C_dominance_,5524.239998067154,C(tense)[T.simple past]:C(syntactic_role)[T.subject],0.079296439034598,0.0302123225486738,0.0086740887883745,0.0200813749498899,0.1385115031193061,0.004462288094900696,0.00676220864906684,0.011297683652074826,0.005592743041191549
mistralai_Mistral-7B-v0.3,selected_mixed_random_slopes__candidate__0__C_valence_C_dominance_,5524.239998067154,C(tense)[T.past perfect]:C(valence)[T.-val],-0.0711556570870537,0.0302123225486739,0.0185134065757541,-0.1303707211717621,-0.0119405930023452,0.004462288094900696,0.00676220864906684,0.011297683652074826,0.005592743041191549
mistralai_Mistral-7B-v0.3,selected_mixed_random_slopes__candidate__0__C_valence_C_dominance_,5524.239998067154,C(tense)[T.present continuous]:C(valence)[T.-val],-0.0648236955915178,0.030212322548674,0.0319045451302953,-0.1240387596762262,-0.0056086315068093,0.004462288094900696,0.00676220864906684,0.011297683652074826,0.005592743041191549
mistralai_Mistral-7B-v0.3,selected_mixed_random_slopes__candidate__0__C_valence_C_dominance_,5524.239998067154,C(tense)[T.present perfect]:C(valence)[T.-val],-0.0603886195591519,0.030212322548674,0.0456291764823878,-0.1196036836438603,-0.0011735554744434,0.004462288094900696,0.00676220864906684,0.011297683652074826,0.005592743041191549
mistralai_Mistral-7B-v0.3,selected_mixed_random_slopes__candidate__0__C_valence_C_dominance_,5524.239998067154,C(tense)[T.simple future]:C(valence)[T.-val],0.0496564592633936,0.030212322548674,0.1002623710591173,-0.0095586048213147,0.108871523348102,0.004462288094900696,0.00676220864906684,0.011297683652074826,0.005592743041191549
mistralai_Mistral-7B-v0.3,selected_mixed_random_slopes__candidate__0__C_valence_C_dominance_,5524.239998067154,C(tense)[T.simple past]:C(valence)[T.-val],-0.0585959298270092,0.030212322548674,0.0524439866512764,-0.1178109939117177,0.0006191342576991,0.004462288094900696,0.00676220864906684,0.011297683652074826,0.005592743041191549
mistralai_Mistral-7B-v0.3,selected_mixed_random_slopes__candidate__0__C_valence_C_dominance_,5524.239998067154,C(tense)[T.past perfect]:C(dominance)[T.-dom],-0.0798618861607147,0.0302123225486738,0.0082088979210404,-0.1390769502454228,-0.0206468220760066,0.004462288094900696,0.00676220864906684,0.011297683652074826,0.005592743041191549
mistralai_Mistral-7B-v0.3,selected_mixed_random_slopes__candidate__0__C_valence_C_dominance_,5524.239998067154,C(tense)[T.present continuous]:C(dominance)[T.-dom],-0.111335100446429,0.0302123225486738,0.0002286226486675,-0.1705501645311371,-0.0521200363617209,0.004462288094900696,0.00676220864906684,0.011297683652074826,0.005592743041191549
mistralai_Mistral-7B-v0.3,selected_mixed_random_slopes__candidate__0__C_valence_C_dominance_,5524.239998067154,C(tense)[T.present perfect]:C(dominance)[T.-dom],-0.0977979387555809,0.0302123225486738,0.0012078429599039,-0.157013002840289,-0.0385828746708728,0.004462288094900696,0.00676220864906684,0.011297683652074826,0.005592743041191549
mistralai_Mistral-7B-v0.3,selected_mixed_random_slopes__candidate__0__C_valence_C_dominance_,5524.239998067154,C(tense)[T.simple future]:C(dominance)[T.-dom],-0.2188337053571431,0.0302123225486738,4.3824019860958393e-13,-0.2780487694418512,-0.1596186412724351,0.004462288094900696,0.00676220864906684,0.011297683652074826,0.005592743041191549
mistralai_Mistral-7B-v0.3,selected_mixed_random_slopes__candidate__0__C_valence_C_dominance_,5524.239998067154,C(tense)[T.simple past]:C(dominance)[T.-dom],-0.0551770891462059,0.0302123225486738,0.0678034684041372,-0.114392153230914,0.0040379749385021,0.004462288094900696,0.00676220864906684,0.011297683652074826,0.005592743041191549
mistralai_Mistral-7B-v0.3,selected_mixed_random_slopes__candidate__0__C_valence_C_dominance_,5524.239998067154,C(syntactic_role)[T.subject]:C(valence)[T.-val],-0.0845331101190469,0.0174430925563206,1.258342970200769e-06,-0.1187209433084341,-0.0503452769296597,0.004462288094900696,0.00676220864906684,0.011297683652074826,0.005592743041191549
mistralai_Mistral-7B-v0.3,selected_mixed_random_slopes__candidate__0__C_valence_C_dominance_,5524.239998067154,C(syntactic_role)[T.subject]:C(dominance)[T.-dom],0.0340561639694952,0.0174430925563206,0.0508888963525712,-0.0001316692198919,0.0682439971588824,0.004462288094900696,0.00676220864906684,0.011297683652074826,0.005592743041191549
