target_model,best_model_name,best_model_aic,Unnamed: 0,Group,C(semantic_role)[T.patient],C(syntactic_role)[T.subject],C(valence)[T.-val],C(dominance)[T.-dom]
Qwen_Qwen3-4B-Base,selected_mixed_random_slopes__candidate__0__C_syntactic_role_log_frequency,17465.498063443694,CEO,0.0364009807128821,0.0720548099172765,0.1320569943765008,-0.063049537275613,0.0284054119077446
Qwen_Qwen3-4B-Base,selected_mixed_random_slopes__candidate__0__C_syntactic_role_log_frequency,17465.498063443694,accountant,-0.5947954170612202,-0.0635560162237442,-0.0840709850641298,-0.0232780689589434,-0.0370108512355625
Qwen_Qwen3-4B-Base,selected_mixed_random_slopes__candidate__0__C_syntactic_role_log_frequency,17465.498063443694,administrator,-0.2756570970296204,-0.0714936911837627,0.2685516417864202,0.0473594226430935,-0.0069012710775769
Qwen_Qwen3-4B-Base,selected_mixed_random_slopes__candidate__0__C_syntactic_role_log_frequency,17465.498063443694,agronomist,-0.0057786552431123,-0.0526661412103424,-0.0663109993305729,0.0033691670081407,-0.00793727663467
Qwen_Qwen3-4B-Base,selected_mixed_random_slopes__candidate__0__C_syntactic_role_log_frequency,17465.498063443694,binman,1.6273082701003434,0.0101068100501218,-0.2342977120310014,0.0453014088176486,0.1161815751173168
Qwen_Qwen3-4B-Base,selected_mixed_random_slopes__candidate__0__C_syntactic_role_log_frequency,17465.498063443694,bodyguard,0.5866846124901173,-0.084427992894165,-0.0603004465358629,-0.020624607646139,0.0487247798923685
Qwen_Qwen3-4B-Base,selected_mixed_random_slopes__candidate__0__C_syntactic_role_log_frequency,17465.498063443694,bookbinder,0.1952091108498372,0.0874905495188093,-0.0010091461868307,-0.0149830555001347,-0.0358801555537598
Qwen_Qwen3-4B-Base,selected_mixed_random_slopes__candidate__0__C_syntactic_role_log_frequency,17465.498063443694,builder,0.9975117376607404,-0.0376386924922316,-0.198471043696962,0.0569298211160125,0.0376373343781358
Qwen_Qwen3-4B-Base,selected_mixed_random_slopes__candidate__0__C_syntactic_role_log_frequency,17465.498063443694,cashier,-1.5769005007644163,-0.0531756391184203,0.0215172074961829,-0.0702244949180759,-0.0628702010397513
Qwen_Qwen3-4B-Base,selected_mixed_random_slopes__candidate__0__C_syntactic_role_log_frequency,17465.498063443694,chauffeur,0.9434932515444618,0.0676430181708124,-0.4167990593031948,0.0305626802171246,-0.024780153634615
Qwen_Qwen3-4B-Base,selected_mixed_random_slopes__candidate__0__C_syntactic_role_log_frequency,17465.498063443694,colonel,1.407801167760318,0.1581790048007524,-0.0432769562408283,-0.0227212257275584,0.0622823110918861
Qwen_Qwen3-4B-Base,selected_mixed_random_slopes__candidate__0__C_syntactic_role_log_frequency,17465.498063443694,doctor,0.0584435302345962,-0.0057606331350328,-0.1115181092573405,-0.0045955143802869,0.0060621335804967
Qwen_Qwen3-4B-Base,selected_mixed_random_slopes__candidate__0__C_syntactic_role_log_frequency,17465.498063443694,electrician,1.0638286818070846,0.0602556961281445,-0.0915170634399834,0.0315154386638984,0.0487673742549061
Qwen_Qwen3-4B-Base,selected_mixed_random_slopes__candidate__0__C_syntactic_role_log_frequency,17465.498063443694,farmer,1.2994172692916368,0.0021532202108894,-0.2204482880672874,0.0409045705895787,0.0421761603774527
Qwen_Qwen3-4B-Base,selected_mixed_random_slopes__candidate__0__C_syntactic_role_log_frequency,17465.498063443694,farmhand,0.0314212672456202,0.0355018792826534,0.0734331633246079,-0.0675686494791661,0.0562902414852683
Qwen_Qwen3-4B-Base,selected_mixed_random_slopes__candidate__0__C_syntactic_role_log_frequency,17465.498063443694,fisherman,2.360134046896518,0.1904010515090714,0.2222880806257976,0.0665498512845045,0.1506397940584493
Qwen_Qwen3-4B-Base,selected_mixed_random_slopes__candidate__0__C_syntactic_role_log_frequency,17465.498063443694,hawker,0.1385994687167621,-0.0986668612159375,-0.146075788510903,0.0658374169628753,0.0346724794241678
Qwen_Qwen3-4B-Base,selected_mixed_random_slopes__candidate__0__C_syntactic_role_log_frequency,17465.498063443694,housekeeper,-3.827089215464932,-0.2108216222138065,0.596461292304882,-0.1218603972794307,0.0041624112436732
Qwen_Qwen3-4B-Base,selected_mixed_random_slopes__candidate__0__C_syntactic_role_log_frequency,17465.498063443694,manager,-0.1004376092299201,0.0201975681919509,-0.0314341911556807,0.003065807299065,0.0001004656937367
Qwen_Qwen3-4B-Base,selected_mixed_random_slopes__candidate__0__C_syntactic_role_log_frequency,17465.498063443694,midwife,-4.382142260256047,-0.1036366400249933,0.2059272845840021,-0.1353478912010083,-0.100043773554044
Qwen_Qwen3-4B-Base,selected_mixed_random_slopes__candidate__0__C_syntactic_role_log_frequency,17465.498063443694,molder,-0.0878717077716884,0.0948744749012696,0.2356272599822103,0.0064045055879002,-0.0423561135171859
Qwen_Qwen3-4B-Base,selected_mixed_random_slopes__candidate__0__C_syntactic_role_log_frequency,17465.498063443694,paralegal,-1.8155621759899323,-0.0777172531383689,0.1165950036021292,-0.096611972229281,-0.0776622117920723
Qwen_Qwen3-4B-Base,selected_mixed_random_slopes__candidate__0__C_syntactic_role_log_frequency,17465.498063443694,programmer,0.1220614094290379,0.0379709512523,0.0936620645100051,0.0100643594609981,0.0790916170871678
Qwen_Qwen3-4B-Base,selected_mixed_random_slopes__candidate__0__C_syntactic_role_log_frequency,17465.498063443694,salesperson,0.1911994831310996,-0.0161901808667188,-0.355712869398833,0.0140002331890263,-0.0544224949277014
Qwen_Qwen3-4B-Base,selected_mixed_random_slopes__candidate__0__C_syntactic_role_log_frequency,17465.498063443694,scientist,-0.0604224346777901,0.021972880963027,-0.2841605203537647,-0.0116819175709832,-0.0353590469045966
Qwen_Qwen3-4B-Base,selected_mixed_random_slopes__candidate__0__C_syntactic_role_log_frequency,17465.498063443694,scrivener,0.4530959484757236,-0.0440332700670762,-0.0495862526529953,0.0911390302513506,-0.0688579038984233
Qwen_Qwen3-4B-Base,selected_mixed_random_slopes__candidate__0__C_syntactic_role_log_frequency,17465.498063443694,sergeant,0.4802258003780056,-0.0125407124091983,-0.1097564282119263,-0.0045930189302688,-0.0404677135216473
Qwen_Qwen3-4B-Base,selected_mixed_random_slopes__candidate__0__C_syntactic_role_log_frequency,17465.498063443694,soldier,1.1759865354614896,0.1896537486978868,0.3353745124753017,0.1191965524574614,-0.0373115127341852
Qwen_Qwen3-4B-Base,selected_mixed_random_slopes__candidate__0__C_syntactic_role_log_frequency,17465.498063443694,solicitor,-0.12548885655197,-0.1060441007861916,-0.0304110268520705,-0.0191420210734672,0.0273494063818995
Qwen_Qwen3-4B-Base,selected_mixed_random_slopes__candidate__0__C_syntactic_role_log_frequency,17465.498063443694,teacher,-1.279691264282638,-0.0885437773844262,0.214769364509319,-0.0386292141141993,-0.0623964664552432
Qwen_Qwen3-4B-Base,selected_mixed_random_slopes__candidate__0__C_syntactic_role_log_frequency,17465.498063443694,tradesperson,0.1342705346492519,0.0655231250934665,0.1873450134096345,0.0656488523349773,-0.1012696588525505
Qwen_Qwen3-4B-Base,selected_mixed_random_slopes__candidate__0__C_syntactic_role_log_frequency,17465.498063443694,welder,0.8287440870782524,0.0129344356571687,-0.1684519966696572,0.0170624683872802,0.0529833093484286
Qwen_Qwen3-8B-Base,selected_mixed_random_slopes__candidate__0__C_valence_lex_emb_norm,21540.25411567572,CEO,-0.1394659855484366,-0.0137009691737675,-0.0572058885571951,-0.0673646712944816,0.0545227885102741
Qwen_Qwen3-8B-Base,selected_mixed_random_slopes__candidate__0__C_valence_lex_emb_norm,21540.25411567572,accountant,-0.6777683379348164,-0.0329910031315688,0.3120670669232796,-0.0154318786060089,-0.015605918434999
Qwen_Qwen3-8B-Base,selected_mixed_random_slopes__candidate__0__C_valence_lex_emb_norm,21540.25411567572,administrator,-0.7500625875591348,0.0018111091533174,0.3057958493095813,0.0457143507549408,-0.0490154506987991
Qwen_Qwen3-8B-Base,selected_mixed_random_slopes__candidate__0__C_valence_lex_emb_norm,21540.25411567572,agronomist,0.7169852514124272,-0.0466965523748536,-0.2628052551817725,0.0231907530121254,-0.0736799678377399
Qwen_Qwen3-8B-Base,selected_mixed_random_slopes__candidate__0__C_valence_lex_emb_norm,21540.25411567572,binman,1.199409248916541,0.1569656018437984,0.1331352806383526,0.0506871697578463,0.1133874167193082
Qwen_Qwen3-8B-Base,selected_mixed_random_slopes__candidate__0__C_valence_lex_emb_norm,21540.25411567572,bodyguard,0.3730896505095518,-0.0098126227495202,0.0343828022009575,0.0333780763328237,-0.0669369321656222
Qwen_Qwen3-8B-Base,selected_mixed_random_slopes__candidate__0__C_valence_lex_emb_norm,21540.25411567572,bookbinder,0.4622706617970797,0.1248165754914075,-0.0449012937120018,0.1308256322236776,-0.0802828444120411
Qwen_Qwen3-8B-Base,selected_mixed_random_slopes__candidate__0__C_valence_lex_emb_norm,21540.25411567572,builder,0.9227026199809236,0.0431474863288182,0.0579207085598892,0.1364379095703748,-0.0509860617676904
Qwen_Qwen3-8B-Base,selected_mixed_random_slopes__candidate__0__C_valence_lex_emb_norm,21540.25411567572,cashier,-1.7364862645329069,-0.1057140548951079,-0.1115908152112927,-0.1551485844056443,-0.0348801974707903
Qwen_Qwen3-8B-Base,selected_mixed_random_slopes__candidate__0__C_valence_lex_emb_norm,21540.25411567572,chauffeur,0.7752136666540582,0.1252935116709149,0.0099017918763119,-0.0022036938149129,0.0504214854807207
Qwen_Qwen3-8B-Base,selected_mixed_random_slopes__candidate__0__C_valence_lex_emb_norm,21540.25411567572,colonel,1.2501399000710207,0.1231616786896324,-0.0857602272894763,0.0962640926276854,0.0332333905425914
Qwen_Qwen3-8B-Base,selected_mixed_random_slopes__candidate__0__C_valence_lex_emb_norm,21540.25411567572,doctor,0.375006623439602,-0.0317396704785824,-0.0064320107124009,0.0178914109273768,0.0148314038645725
Qwen_Qwen3-8B-Base,selected_mixed_random_slopes__candidate__0__C_valence_lex_emb_norm,21540.25411567572,electrician,0.6020194860606796,0.1334486727710682,0.076503015248025,0.0376945083397617,0.0807543712401938
Qwen_Qwen3-8B-Base,selected_mixed_random_slopes__candidate__0__C_valence_lex_emb_norm,21540.25411567572,farmer,1.111358734015088,-0.0069807283588531,-0.1597543559696646,0.08090732590469,-0.0224199491737917
Qwen_Qwen3-8B-Base,selected_mixed_random_slopes__candidate__0__C_valence_lex_emb_norm,21540.25411567572,farmhand,0.3694819662237329,-0.0356758597632489,-0.2173336090470552,0.0364636618529319,-0.0402977589724639
Qwen_Qwen3-8B-Base,selected_mixed_random_slopes__candidate__0__C_valence_lex_emb_norm,21540.25411567572,fisherman,2.3054226690718105,0.3112867385411658,0.4397520072949716,0.1516881032334532,0.2356668186751381
Qwen_Qwen3-8B-Base,selected_mixed_random_slopes__candidate__0__C_valence_lex_emb_norm,21540.25411567572,hawker,0.623038163990495,-0.0136395851027013,-0.3274409019932725,0.0702807915347496,-0.0452845263030484
Qwen_Qwen3-8B-Base,selected_mixed_random_slopes__candidate__0__C_valence_lex_emb_norm,21540.25411567572,housekeeper,-3.179449965597254,-0.2948559633033403,-0.1267587027424388,-0.3010212282313317,-0.0591229847449851
Qwen_Qwen3-8B-Base,selected_mixed_random_slopes__candidate__0__C_valence_lex_emb_norm,21540.25411567572,manager,0.217222201299168,-0.0097336586512855,-0.1171749546103426,0.0700271414506061,-0.1116183445329995
Qwen_Qwen3-8B-Base,selected_mixed_random_slopes__candidate__0__C_valence_lex_emb_norm,21540.25411567572,midwife,-4.230070263839618,-0.2934776503464034,0.0255424327133489,-0.3525870492243122,0.0765065958675608
Qwen_Qwen3-8B-Base,selected_mixed_random_slopes__candidate__0__C_valence_lex_emb_norm,21540.25411567572,molder,-0.5369982626936002,-0.0708540436421489,0.2199123924056914,0.0073134946964588,-0.0356263763553855
Qwen_Qwen3-8B-Base,selected_mixed_random_slopes__candidate__0__C_valence_lex_emb_norm,21540.25411567572,paralegal,-1.6472924853073847,-0.064998946509159,0.220040797935709,-0.1093275590934494,-0.0087883127316205
Qwen_Qwen3-8B-Base,selected_mixed_random_slopes__candidate__0__C_valence_lex_emb_norm,21540.25411567572,programmer,0.1146913581120629,0.1332660039249087,0.0140926215763336,-0.010284722822705,0.1480321621130116
Qwen_Qwen3-8B-Base,selected_mixed_random_slopes__candidate__0__C_valence_lex_emb_norm,21540.25411567572,salesperson,-0.4179264584179649,-0.093396788524146,-0.070258856775949,-0.1481844766890862,0.0539691256426193
Qwen_Qwen3-8B-Base,selected_mixed_random_slopes__candidate__0__C_valence_lex_emb_norm,21540.25411567572,scientist,0.2386014311880549,-0.0062477917569388,-0.3564875905924877,-0.0021586697710968,-0.0499355259355961
Qwen_Qwen3-8B-Base,selected_mixed_random_slopes__candidate__0__C_valence_lex_emb_norm,21540.25411567572,scrivener,0.8728670507335781,0.0461502872365031,-0.3023309705717487,0.1918457544614534,-0.1516551106627888
Qwen_Qwen3-8B-Base,selected_mixed_random_slopes__candidate__0__C_valence_lex_emb_norm,21540.25411567572,sergeant,0.7105641315956632,0.053071576289762,0.2161171628624209,0.104523746522677,-0.0302054667785315
Qwen_Qwen3-8B-Base,selected_mixed_random_slopes__candidate__0__C_valence_lex_emb_norm,21540.25411567572,soldier,0.8069772598646137,0.0868455094759587,0.1636097421741907,0.1211581891402309,0.0026561305780086
Qwen_Qwen3-8B-Base,selected_mixed_random_slopes__candidate__0__C_valence_lex_emb_norm,21540.25411567572,solicitor,-0.5104996297223797,-0.0402297633496047,0.1053225237282498,-0.0880270927370497,0.046513531647564
Qwen_Qwen3-8B-Base,selected_mixed_random_slopes__candidate__0__C_valence_lex_emb_norm,21540.25411567572,teacher,-0.8306176573196569,-0.1019270777233563,-0.2522206279480622,-0.1467534614233923,-0.0261457134535627
Qwen_Qwen3-8B-Base,selected_mixed_random_slopes__candidate__0__C_valence_lex_emb_norm,21540.25411567572,tradesperson,0.1820147654927592,-0.1104465528552866,-0.3262528508849592,0.0072734749948324,-0.0873298541187634
Qwen_Qwen3-8B-Base,selected_mixed_random_slopes__candidate__0__C_valence_lex_emb_norm,21540.25411567572,welder,0.4275610580004632,0.0438545312688763,0.4906127163511043,-0.0150724992290084,0.1293220756689918
allenai_Olmo-3-1025-7B,selected_mixed_random_slopes__candidate__0__C_tense_lex_emb_norm,15674.769212415325,CEO,-0.0652097433293227,0.0013108173434931,0.1631249612002094,-0.0050394913780342,0.0228823652777966
allenai_Olmo-3-1025-7B,selected_mixed_random_slopes__candidate__0__C_tense_lex_emb_norm,15674.769212415325,accountant,-0.2616349461256831,-0.0468584746990596,-0.0239243016388936,-0.0174945785109829,0.0319744449550694
allenai_Olmo-3-1025-7B,selected_mixed_random_slopes__candidate__0__C_tense_lex_emb_norm,15674.769212415325,administrator,-0.6885065325622455,-0.0447212633812291,-0.0673460774363577,0.0441035886317093,-0.0896634300766019
allenai_Olmo-3-1025-7B,selected_mixed_random_slopes__candidate__0__C_tense_lex_emb_norm,15674.769212415325,agronomist,0.0190312979375268,-0.0815624295378504,0.1430163689485722,-0.0533663735485515,0.0537190017254665
allenai_Olmo-3-1025-7B,selected_mixed_random_slopes__candidate__0__C_tense_lex_emb_norm,15674.769212415325,binman,1.9555809743491095,0.0603149912103448,-0.0689894382693325,-0.0062654059564622,0.0603332879143441
allenai_Olmo-3-1025-7B,selected_mixed_random_slopes__candidate__0__C_tense_lex_emb_norm,15674.769212415325,bodyguard,-0.0081968389536625,0.0044129570186059,0.3798022660521343,0.0115191460749887,0.0270742031141042
allenai_Olmo-3-1025-7B,selected_mixed_random_slopes__candidate__0__C_tense_lex_emb_norm,15674.769212415325,bookbinder,-0.4024516914936581,-0.0006827190663302,0.0684188294345674,0.0466054038518138,0.0396514795078375
allenai_Olmo-3-1025-7B,selected_mixed_random_slopes__candidate__0__C_tense_lex_emb_norm,15674.769212415325,builder,1.740735561973957,0.0868381750994818,0.0280304689622665,0.1107218193134318,-0.0748596018301338
allenai_Olmo-3-1025-7B,selected_mixed_random_slopes__candidate__0__C_tense_lex_emb_norm,15674.769212415325,cashier,-1.7562967219849142,-0.0081617975106936,0.0387963559826016,-0.1535165631032045,-0.0786901911847257
allenai_Olmo-3-1025-7B,selected_mixed_random_slopes__candidate__0__C_tense_lex_emb_norm,15674.769212415325,chauffeur,0.252635157980843,-0.0071025551577879,0.2788993679643908,0.0058398980707599,0.0535177373094541
allenai_Olmo-3-1025-7B,selected_mixed_random_slopes__candidate__0__C_tense_lex_emb_norm,15674.769212415325,colonel,1.1489823340901584,0.0280227391902572,0.2164125527969819,0.1042457619890214,0.0094845612484317
allenai_Olmo-3-1025-7B,selected_mixed_random_slopes__candidate__0__C_tense_lex_emb_norm,15674.769212415325,doctor,0.1894754919775952,-0.041209853940336,0.0368602068242142,-0.063747921329987,0.047212084809347
allenai_Olmo-3-1025-7B,selected_mixed_random_slopes__candidate__0__C_tense_lex_emb_norm,15674.769212415325,electrician,0.7326734744052141,0.090478757926608,0.0552410305379431,0.0211267779717678,0.0901046341011388
allenai_Olmo-3-1025-7B,selected_mixed_random_slopes__candidate__0__C_tense_lex_emb_norm,15674.769212415325,farmer,1.6020805268347735,0.0950713974740148,-0.2245307607390722,0.0978515165796725,0.0537167496768481
allenai_Olmo-3-1025-7B,selected_mixed_random_slopes__candidate__0__C_tense_lex_emb_norm,15674.769212415325,farmhand,0.4544364608178836,0.0629093054225246,0.0098578547450539,0.1097634450520751,0.0287663471893193
allenai_Olmo-3-1025-7B,selected_mixed_random_slopes__candidate__0__C_tense_lex_emb_norm,15674.769212415325,fisherman,2.64889092979685,0.0538131469117927,0.0184237794223919,0.0782516999941607,0.0061730665356816
allenai_Olmo-3-1025-7B,selected_mixed_random_slopes__candidate__0__C_tense_lex_emb_norm,15674.769212415325,hawker,0.8791993777365956,0.0124846823971752,-0.4977670892153578,0.0796067186679285,-0.0012655866887211
allenai_Olmo-3-1025-7B,selected_mixed_random_slopes__candidate__0__C_tense_lex_emb_norm,15674.769212415325,housekeeper,-3.267419135261954,-0.0739770366973182,0.0986238574378088,-0.172571505568269,-0.1467658568071682
allenai_Olmo-3-1025-7B,selected_mixed_random_slopes__candidate__0__C_tense_lex_emb_norm,15674.769212415325,manager,-0.4274516207878231,-0.0068749517872814,-0.1308062375046532,-0.0221691890789737,-0.065345011470615
allenai_Olmo-3-1025-7B,selected_mixed_random_slopes__candidate__0__C_tense_lex_emb_norm,15674.769212415325,midwife,-4.376598078546785,-0.091907896654413,0.1040838203674012,-0.2397498916314743,0.0198376676706992
allenai_Olmo-3-1025-7B,selected_mixed_random_slopes__candidate__0__C_tense_lex_emb_norm,15674.769212415325,molder,-0.4121938808749106,0.0294602830021194,-0.1274208035636116,-0.0111198661497873,-0.0644854978695224
allenai_Olmo-3-1025-7B,selected_mixed_random_slopes__candidate__0__C_tense_lex_emb_norm,15674.769212415325,paralegal,-1.7388417451760911,-0.0477827912210518,0.1669016387034325,-0.1232390953043265,-0.0914204936322899
allenai_Olmo-3-1025-7B,selected_mixed_random_slopes__candidate__0__C_tense_lex_emb_norm,15674.769212415325,programmer,0.7063197253262631,0.0604138888225698,-0.0526301249851208,0.0130403442508222,0.2013940176560177
allenai_Olmo-3-1025-7B,selected_mixed_random_slopes__candidate__0__C_tense_lex_emb_norm,15674.769212415325,salesperson,-0.49910416461322,-0.04056904284214,-0.1453932252758489,-0.0479527569118161,0.0112161470216736
allenai_Olmo-3-1025-7B,selected_mixed_random_slopes__candidate__0__C_tense_lex_emb_norm,15674.769212415325,scientist,0.2043062950008095,-0.0108407044777254,-0.2068075301438959,-0.0816711217042469,0.1113727660430387
allenai_Olmo-3-1025-7B,selected_mixed_random_slopes__candidate__0__C_tense_lex_emb_norm,15674.769212415325,scrivener,0.1789323725120291,-0.0200856221926262,-0.3709303826213384,0.1018241611692755,-0.0572782819413929
allenai_Olmo-3-1025-7B,selected_mixed_random_slopes__candidate__0__C_tense_lex_emb_norm,15674.769212415325,sergeant,1.117162458135349,0.0094317996794409,-0.2522251334463248,0.1571518737971455,-0.0250998343363928
allenai_Olmo-3-1025-7B,selected_mixed_random_slopes__candidate__0__C_tense_lex_emb_norm,15674.769212415325,soldier,1.4792383304140762,0.0686372714322863,0.0580748829380866,0.1736365107249187,-0.0275546725008683
allenai_Olmo-3-1025-7B,selected_mixed_random_slopes__candidate__0__C_tense_lex_emb_norm,15674.769212415325,solicitor,-0.3525514309434879,-0.0595472598880295,-0.0349059504195756,-0.0746381954247824,-0.0451163823246494
allenai_Olmo-3-1025-7B,selected_mixed_random_slopes__candidate__0__C_tense_lex_emb_norm,15674.769212415325,teacher,-1.7269511298135556,-0.0480922012087032,0.0973324726327064,-0.1287253604829923,-0.1011788641886297
allenai_Olmo-3-1025-7B,selected_mixed_random_slopes__candidate__0__C_tense_lex_emb_norm,15674.769212415325,tradesperson,0.1585077095962282,-0.0196530980088742,0.1275484018102346,0.0280182045749082,-0.0862210252956243
allenai_Olmo-3-1025-7B,selected_mixed_random_slopes__candidate__0__C_tense_lex_emb_norm,15674.769212415325,welder,0.5152191810791604,-0.0139705146730648,0.1142279385093465,0.0179604453412606,0.0865141683804299
allenai_Olmo-3-1125-32B,selected_mixed_random_slopes__candidate__0__C_tense_lex_emb_norm,23917.693621554237,CEO,-0.2787327917486963,-0.0221438894725401,0.1262922458843856,-0.0231094348072404,0.0131371977944107
allenai_Olmo-3-1125-32B,selected_mixed_random_slopes__candidate__0__C_tense_lex_emb_norm,23917.693621554237,accountant,-0.5660639732268054,-0.0846018579048486,0.3027049959563279,-0.0326515943892844,0.0336048369292961
allenai_Olmo-3-1125-32B,selected_mixed_random_slopes__candidate__0__C_tense_lex_emb_norm,23917.693621554237,administrator,-0.6523785642087674,-0.0880497890552649,-0.1529633871818846,-0.1370896941065691,0.022921746854348
allenai_Olmo-3-1125-32B,selected_mixed_random_slopes__candidate__0__C_tense_lex_emb_norm,23917.693621554237,agronomist,0.3073491968145453,-0.0354846623953723,0.0902657387743633,-0.0156346775797387,0.009903823722206
allenai_Olmo-3-1125-32B,selected_mixed_random_slopes__candidate__0__C_tense_lex_emb_norm,23917.693621554237,binman,2.04423273834817,0.1451944856686005,-0.514648289228371,-0.0262481679699421,0.0032766043848698
allenai_Olmo-3-1125-32B,selected_mixed_random_slopes__candidate__0__C_tense_lex_emb_norm,23917.693621554237,bodyguard,0.4134826506564345,0.0570456097371702,0.2172538485845963,0.0265977283309295,-0.0520399485087143
allenai_Olmo-3-1125-32B,selected_mixed_random_slopes__candidate__0__C_tense_lex_emb_norm,23917.693621554237,bookbinder,-0.2972822036287654,0.033421011117011,0.0217340703889869,0.1494655347661717,-0.0822885458566675
allenai_Olmo-3-1125-32B,selected_mixed_random_slopes__candidate__0__C_tense_lex_emb_norm,23917.693621554237,builder,1.6011376653848646,0.1339049127811674,-0.3911412002812665,0.1219267816825363,-0.0614157067939038
allenai_Olmo-3-1125-32B,selected_mixed_random_slopes__candidate__0__C_tense_lex_emb_norm,23917.693621554237,cashier,-2.121179717495775,-0.0852773923101291,0.3789921630641181,-0.1458503289659035,0.0810460982001392
allenai_Olmo-3-1125-32B,selected_mixed_random_slopes__candidate__0__C_tense_lex_emb_norm,23917.693621554237,chauffeur,0.7810869477649535,0.0391758653886499,-0.2317907802636925,0.0345536973722595,0.0162344082458289
allenai_Olmo-3-1125-32B,selected_mixed_random_slopes__candidate__0__C_tense_lex_emb_norm,23917.693621554237,colonel,0.913543539060294,0.0187831458240089,0.168140188445306,0.102224112548604,-0.0941724530822984
allenai_Olmo-3-1125-32B,selected_mixed_random_slopes__candidate__0__C_tense_lex_emb_norm,23917.693621554237,doctor,0.0670700978222884,0.0186574110167059,0.0883449893591459,-0.0664586718392352,0.0328316918492273
allenai_Olmo-3-1125-32B,selected_mixed_random_slopes__candidate__0__C_tense_lex_emb_norm,23917.693621554237,electrician,1.0703673143536838,0.0582746108753062,-0.0005292294480606,0.0024861820827293,0.0083275835992057
allenai_Olmo-3-1125-32B,selected_mixed_random_slopes__candidate__0__C_tense_lex_emb_norm,23917.693621554237,farmer,1.3404024602026634,0.0199783066776428,-0.3654759595437043,0.0897517408026077,-0.0219100388174794
allenai_Olmo-3-1125-32B,selected_mixed_random_slopes__candidate__0__C_tense_lex_emb_norm,23917.693621554237,farmhand,0.6599000776051449,0.0293030934546316,0.0473878114525336,0.0338560356609763,-0.0444714010459591
allenai_Olmo-3-1125-32B,selected_mixed_random_slopes__candidate__0__C_tense_lex_emb_norm,23917.693621554237,fisherman,2.778975946413253,0.1439183247646832,-0.3290279656707469,0.0506212797406046,0.074305578327256
allenai_Olmo-3-1125-32B,selected_mixed_random_slopes__candidate__0__C_tense_lex_emb_norm,23917.693621554237,hawker,0.0040523358695676,-0.0894956956014792,0.0186947186845214,-0.1044139257888519,0.0398481090966807
allenai_Olmo-3-1125-32B,selected_mixed_random_slopes__candidate__0__C_tense_lex_emb_norm,23917.693621554237,housekeeper,-3.0866369916078886,-0.1204755515985909,-0.5114577747488394,-0.1089996453751369,0.006386001944152
allenai_Olmo-3-1125-32B,selected_mixed_random_slopes__candidate__0__C_tense_lex_emb_norm,23917.693621554237,manager,-0.1995850731348283,-0.010192548061367,-0.0972396689293444,-0.0938296503716795,0.0404055609348826
allenai_Olmo-3-1125-32B,selected_mixed_random_slopes__candidate__0__C_tense_lex_emb_norm,23917.693621554237,midwife,-5.1843706737681,-0.1836735960651046,0.5863702451324972,-0.2388572970012401,0.2135125279212767
allenai_Olmo-3-1125-32B,selected_mixed_random_slopes__candidate__0__C_tense_lex_emb_norm,23917.693621554237,molder,-0.1457655421758977,-0.0048610408839542,0.2343504789059873,0.0109648921736852,-0.0121452529724531
allenai_Olmo-3-1125-32B,selected_mixed_random_slopes__candidate__0__C_tense_lex_emb_norm,23917.693621554237,paralegal,-1.951892200314918,-0.1560067809125271,0.3942302057379397,-0.1116163255158745,0.0468509154691797
allenai_Olmo-3-1125-32B,selected_mixed_random_slopes__candidate__0__C_tense_lex_emb_norm,23917.693621554237,programmer,1.4906392016290213,0.1205358396687447,-0.2078487611666195,0.1388755298417113,-0.0288182175782645
allenai_Olmo-3-1125-32B,selected_mixed_random_slopes__candidate__0__C_tense_lex_emb_norm,23917.693621554237,salesperson,-0.6088341244557368,-0.0385613978789357,-0.0736622789265296,-0.0984388956904924,0.020619666784308
allenai_Olmo-3-1125-32B,selected_mixed_random_slopes__candidate__0__C_tense_lex_emb_norm,23917.693621554237,scientist,-0.1066777021537765,-0.0278959371806914,0.0481874056444915,0.0073164668657205,0.1070943279487213
allenai_Olmo-3-1125-32B,selected_mixed_random_slopes__candidate__0__C_tense_lex_emb_norm,23917.693621554237,scrivener,0.2173117207247137,0.0019270879389312,0.192229478946021,0.2589335480017965,-0.1072516777499097
allenai_Olmo-3-1125-32B,selected_mixed_random_slopes__candidate__0__C_tense_lex_emb_norm,23917.693621554237,sergeant,0.8095391009703033,0.0200626875871303,-0.0488129919160514,0.1135380155384282,-0.1444477999216404
allenai_Olmo-3-1125-32B,selected_mixed_random_slopes__candidate__0__C_tense_lex_emb_norm,23917.693621554237,soldier,1.6156361213814368,0.1341746145095441,0.016698352230195,0.2064173212044116,-0.1762738973425125
allenai_Olmo-3-1125-32B,selected_mixed_random_slopes__candidate__0__C_tense_lex_emb_norm,23917.693621554237,solicitor,-0.534851536290644,-0.0628018497064891,0.0520002125354434,-0.0593776864917197,0.0394620481489534
allenai_Olmo-3-1125-32B,selected_mixed_random_slopes__candidate__0__C_tense_lex_emb_norm,23917.693621554237,teacher,-1.4019850057788574,-0.0417267337572931,0.0870290944833325,-0.0760784136587673,-0.0020864005581926
allenai_Olmo-3-1125-32B,selected_mixed_random_slopes__candidate__0__C_tense_lex_emb_norm,23917.693621554237,tradesperson,-0.0907983794314649,0.0062136734271818,0.0197659217331013,0.0402835689160572,-0.0134519845793051
allenai_Olmo-3-1125-32B,selected_mixed_random_slopes__candidate__0__C_tense_lex_emb_norm,23917.693621554237,welder,1.1123073639818328,0.0706780423263223,-0.1660738786047843,-0.0491580259993053,0.0310045966637148
google_gemma-3-12b-pt,selected_mixed_random_slopes__candidate__0__log_frequency_lex_emb_norm,10257.708365779836,CEO,-0.2349280654867341,-0.0524289843081962,0.107605457196458,0.0150645067892835,0.0389046432550784
google_gemma-3-12b-pt,selected_mixed_random_slopes__candidate__0__log_frequency_lex_emb_norm,10257.708365779836,accountant,0.0680390952406194,0.0326127941884357,0.0969328680519027,0.0227007623026084,0.0082189176198044
google_gemma-3-12b-pt,selected_mixed_random_slopes__candidate__0__log_frequency_lex_emb_norm,10257.708365779836,administrator,-0.5636125841182495,0.0003796266392456,-0.1068055396594387,-0.0986790833685638,-0.0861493896626265
google_gemma-3-12b-pt,selected_mixed_random_slopes__candidate__0__log_frequency_lex_emb_norm,10257.708365779836,agronomist,0.0159731702606288,0.0541921838268861,0.2372063315452608,-0.0703722586505703,0.0412693798308505
google_gemma-3-12b-pt,selected_mixed_random_slopes__candidate__0__log_frequency_lex_emb_norm,10257.708365779836,binman,1.5417234264569477,0.0286827980778016,-0.1223037878713683,0.0049889776762785,0.1475531743879314
google_gemma-3-12b-pt,selected_mixed_random_slopes__candidate__0__log_frequency_lex_emb_norm,10257.708365779836,bodyguard,0.536801947142668,-0.0992663777049144,0.1993921180307711,0.0203757474738012,-0.0038008193721888
google_gemma-3-12b-pt,selected_mixed_random_slopes__candidate__0__log_frequency_lex_emb_norm,10257.708365779836,bookbinder,0.352645300257643,0.0206979927034311,-0.2827583723448649,0.2396898497194081,-0.1193588400509916
google_gemma-3-12b-pt,selected_mixed_random_slopes__candidate__0__log_frequency_lex_emb_norm,10257.708365779836,builder,1.5361068971396974,-0.0432215887367321,-0.1377816227332124,0.1509476989514707,0.0092043154740191
google_gemma-3-12b-pt,selected_mixed_random_slopes__candidate__0__log_frequency_lex_emb_norm,10257.708365779836,cashier,-1.6723336288830484,0.0517773450882702,-0.0736625540872316,-0.1908890316444961,-0.0306656489286607
google_gemma-3-12b-pt,selected_mixed_random_slopes__candidate__0__log_frequency_lex_emb_norm,10257.708365779836,chauffeur,1.0991583743159274,-0.0230181045450373,-0.0675126475042028,-0.0548361479956292,-0.0930589036980727
google_gemma-3-12b-pt,selected_mixed_random_slopes__candidate__0__log_frequency_lex_emb_norm,10257.708365779836,colonel,1.4371330084586085,0.029608873808958,-0.1015651024764298,0.0047278439578996,-0.0071699573505504
google_gemma-3-12b-pt,selected_mixed_random_slopes__candidate__0__log_frequency_lex_emb_norm,10257.708365779836,doctor,0.1258169627579586,0.0439903662055586,-0.0114565289703032,-0.0390724979854001,-0.0069421817385903
google_gemma-3-12b-pt,selected_mixed_random_slopes__candidate__0__log_frequency_lex_emb_norm,10257.708365779836,electrician,1.1866760425875829,0.021040151554929,-0.0665560492187332,0.1222070747822843,0.1322791705787504
google_gemma-3-12b-pt,selected_mixed_random_slopes__candidate__0__log_frequency_lex_emb_norm,10257.708365779836,farmer,1.3793152772243118,0.0307523502727663,-0.1887884883814486,0.1101393577080044,0.0221493866633271
google_gemma-3-12b-pt,selected_mixed_random_slopes__candidate__0__log_frequency_lex_emb_norm,10257.708365779836,farmhand,0.4507025964584633,0.0153201133629125,0.0866115506888626,0.0021213432419501,0.0320950368946787
google_gemma-3-12b-pt,selected_mixed_random_slopes__candidate__0__log_frequency_lex_emb_norm,10257.708365779836,fisherman,2.315753352427437,0.051796516857862,-0.0091002123813729,0.0115351563914192,0.0527653400346427
google_gemma-3-12b-pt,selected_mixed_random_slopes__candidate__0__log_frequency_lex_emb_norm,10257.708365779836,hawker,-0.0434242852508945,-0.170628147450969,-0.0522855875512414,-0.1178347082228779,0.0926129132851919
google_gemma-3-12b-pt,selected_mixed_random_slopes__candidate__0__log_frequency_lex_emb_norm,10257.708365779836,housekeeper,-3.148830485049108,-0.0089775886700357,0.2857805966996952,-0.1347165480202488,-0.1715086935036671
google_gemma-3-12b-pt,selected_mixed_random_slopes__candidate__0__log_frequency_lex_emb_norm,10257.708365779836,manager,-0.5263780504794376,0.0522420943195403,0.1344196079366925,-0.1527073377908152,0.1033155507998846
google_gemma-3-12b-pt,selected_mixed_random_slopes__candidate__0__log_frequency_lex_emb_norm,10257.708365779836,midwife,-4.237424453847647,0.0640053377545832,0.2328528955458214,-0.1339011321440387,0.0294637737134383
google_gemma-3-12b-pt,selected_mixed_random_slopes__candidate__0__log_frequency_lex_emb_norm,10257.708365779836,molder,-0.1795846162445822,0.055747845617734,0.0466374682340487,-0.0792289901600516,-0.1196506899224295
google_gemma-3-12b-pt,selected_mixed_random_slopes__candidate__0__log_frequency_lex_emb_norm,10257.708365779836,paralegal,-2.4308459855750706,0.061081639254945,0.2695984351545832,-0.1619894408074014,0.0067830436556531
google_gemma-3-12b-pt,selected_mixed_random_slopes__candidate__0__log_frequency_lex_emb_norm,10257.708365779836,programmer,0.3826338921049092,-0.0014092505921618,0.0240859272803494,0.117513347448224,0.0718191001391114
google_gemma-3-12b-pt,selected_mixed_random_slopes__candidate__0__log_frequency_lex_emb_norm,10257.708365779836,salesperson,-0.6090000758345018,-0.0510074482827386,-0.0761899670430401,-0.0139376459232105,0.0257566000989915
google_gemma-3-12b-pt,selected_mixed_random_slopes__candidate__0__log_frequency_lex_emb_norm,10257.708365779836,scientist,0.1328628270060214,-0.0215643345689343,-0.196189833248005,0.00590772610583,0.0239483660667474
google_gemma-3-12b-pt,selected_mixed_random_slopes__candidate__0__log_frequency_lex_emb_norm,10257.708365779836,scrivener,0.5124403930376442,-0.0924495714516586,-0.3140193353909856,0.248684812290342,-0.1082573511069795
google_gemma-3-12b-pt,selected_mixed_random_slopes__candidate__0__log_frequency_lex_emb_norm,10257.708365779836,sergeant,0.5766885991753417,-0.0175502262445842,-0.0498974240263882,0.0114978418950192,-0.0496495749739453
google_gemma-3-12b-pt,selected_mixed_random_slopes__candidate__0__log_frequency_lex_emb_norm,10257.708365779836,soldier,1.2320324938984542,-0.0657882529772985,-0.0089374344379076,0.1520017316596941,-0.061075463282566
google_gemma-3-12b-pt,selected_mixed_random_slopes__candidate__0__log_frequency_lex_emb_norm,10257.708365779836,solicitor,-0.1629272183019479,-0.0512781405709063,-0.1364045970460927,-0.0412421144747894,0.0085237701738006
google_gemma-3-12b-pt,selected_mixed_random_slopes__candidate__0__log_frequency_lex_emb_norm,10257.708365779836,teacher,-1.5102460982343722,0.0912554569189904,0.1326104980757282,-0.0787886730747784,-0.0246704197649501
google_gemma-3-12b-pt,selected_mixed_random_slopes__candidate__0__log_frequency_lex_emb_norm,10257.708365779836,tradesperson,-0.1604690950501313,0.0101523789482606,0.0156377999004102,-0.0215488112143033,0.0102039899039313
google_gemma-3-12b-pt,selected_mixed_random_slopes__candidate__0__log_frequency_lex_emb_norm,10257.708365779836,welder,0.5975009891677999,-0.0167478493220664,0.1328435297395204,0.1496406433530918,0.0250914608683659
google_gemma-3-4b-pt,selected_mixed_random_slopes__candidate__0__log_frequency_lex_emb_norm,9047.310497382248,CEO,-0.2805663007739139,0.0058090532518038,0.0565614657999337,-0.0706834221835813,-0.0040446414675347
google_gemma-3-4b-pt,selected_mixed_random_slopes__candidate__0__log_frequency_lex_emb_norm,9047.310497382248,accountant,-0.2375540459121472,-0.0695657556969847,-0.0407878052213154,-0.0531312617178712,-0.0238936014454267
google_gemma-3-4b-pt,selected_mixed_random_slopes__candidate__0__log_frequency_lex_emb_norm,9047.310497382248,administrator,-0.6954883032704747,-0.0476802644137179,0.1066499659960127,-0.0928627030455863,-0.0577442715734524
google_gemma-3-4b-pt,selected_mixed_random_slopes__candidate__0__log_frequency_lex_emb_norm,9047.310497382248,agronomist,0.0555692630185673,-0.0334169110675006,0.1775872007814751,-0.0478999139273829,0.0528995621036572
google_gemma-3-4b-pt,selected_mixed_random_slopes__candidate__0__log_frequency_lex_emb_norm,9047.310497382248,binman,1.4773568579844123,0.1191338078935914,-0.2319616974238824,0.0706179629617233,0.0962134242860375
google_gemma-3-4b-pt,selected_mixed_random_slopes__candidate__0__log_frequency_lex_emb_norm,9047.310497382248,bodyguard,0.8772845566848847,0.0045740045613856,0.0695263357098955,0.0019174850319968,0.0391003288043994
google_gemma-3-4b-pt,selected_mixed_random_slopes__candidate__0__log_frequency_lex_emb_norm,9047.310497382248,bookbinder,0.0676030015448335,0.0288870579110284,-0.1367299505571132,0.1060023273039574,-0.0803954787636607
google_gemma-3-4b-pt,selected_mixed_random_slopes__candidate__0__log_frequency_lex_emb_norm,9047.310497382248,builder,1.3297461510256223,0.1959540410382065,0.0529837897549941,0.146036968312196,0.0080648362827731
google_gemma-3-4b-pt,selected_mixed_random_slopes__candidate__0__log_frequency_lex_emb_norm,9047.310497382248,cashier,-1.753574315560117,-0.1324271992328742,0.1934607729678824,-0.1746162524313996,-0.059689910175324
google_gemma-3-4b-pt,selected_mixed_random_slopes__candidate__0__log_frequency_lex_emb_norm,9047.310497382248,chauffeur,1.3693987188209518,0.0364591561134692,-0.0838201684039662,0.0337088374367194,0.0273515675672149
google_gemma-3-4b-pt,selected_mixed_random_slopes__candidate__0__log_frequency_lex_emb_norm,9047.310497382248,colonel,1.6914430809531174,0.1356284113934361,-0.2882445223500234,0.0128139812525321,-0.0218050215224995
google_gemma-3-4b-pt,selected_mixed_random_slopes__candidate__0__log_frequency_lex_emb_norm,9047.310497382248,doctor,0.1742468598434821,-0.0176293097055277,-0.1919101743306353,0.0026462238603308,0.0426652870188931
google_gemma-3-4b-pt,selected_mixed_random_slopes__candidate__0__log_frequency_lex_emb_norm,9047.310497382248,electrician,1.0152302356641985,0.1847095396882518,-0.0365742487576846,0.0830294830278444,0.0990017348712751
google_gemma-3-4b-pt,selected_mixed_random_slopes__candidate__0__log_frequency_lex_emb_norm,9047.310497382248,farmer,1.501353696651812,0.0683999529098039,-0.2727856720992894,0.0694610532153043,-0.0243629226887148
google_gemma-3-4b-pt,selected_mixed_random_slopes__candidate__0__log_frequency_lex_emb_norm,9047.310497382248,farmhand,0.6742585506559952,0.0003021815190485,-0.1886920743020086,-0.00949246690194,0.0299557360391505
google_gemma-3-4b-pt,selected_mixed_random_slopes__candidate__0__log_frequency_lex_emb_norm,9047.310497382248,fisherman,1.9224582998613668,0.0738702538928893,0.0839535114649373,0.0169659386074946,-0.0325295255189506
google_gemma-3-4b-pt,selected_mixed_random_slopes__candidate__0__log_frequency_lex_emb_norm,9047.310497382248,hawker,-0.0372730155158884,-0.0851958049741737,0.0021415830588935,-0.0458002433571744,0.0457488725016513
google_gemma-3-4b-pt,selected_mixed_random_slopes__candidate__0__log_frequency_lex_emb_norm,9047.310497382248,housekeeper,-2.525538583503834,-0.0914442078963373,0.2847160688091506,-0.0546177434560946,-0.0878244705427402
google_gemma-3-4b-pt,selected_mixed_random_slopes__candidate__0__log_frequency_lex_emb_norm,9047.310497382248,manager,-0.2700163428630044,-0.0692089407103934,0.1381371334609109,-0.0795525008999789,0.0663575261222552
google_gemma-3-4b-pt,selected_mixed_random_slopes__candidate__0__log_frequency_lex_emb_norm,9047.310497382248,midwife,-3.859190261299328,-0.0860629716461991,0.4964822271952634,-0.0814775244530156,-0.0678561086228865
google_gemma-3-4b-pt,selected_mixed_random_slopes__candidate__0__log_frequency_lex_emb_norm,9047.310497382248,molder,-0.6027524070171233,-0.0573254926968875,0.0857004562124661,-0.0510662096048289,-0.0140466398696009
google_gemma-3-4b-pt,selected_mixed_random_slopes__candidate__0__log_frequency_lex_emb_norm,9047.310497382248,paralegal,-1.936905235026026,-0.0870199632484447,0.2319410597033438,-0.143886899115847,-0.0206834771499231
google_gemma-3-4b-pt,selected_mixed_random_slopes__candidate__0__log_frequency_lex_emb_norm,9047.310497382248,programmer,0.0695133194708985,0.0922592166401859,0.1250921401531452,0.0456267431431071,0.1378361377684618
google_gemma-3-4b-pt,selected_mixed_random_slopes__candidate__0__log_frequency_lex_emb_norm,9047.310497382248,salesperson,-0.8999938198579222,-0.1337151310494749,0.0554375969000303,-0.0658802881604394,0.0135065778174138
google_gemma-3-4b-pt,selected_mixed_random_slopes__candidate__0__log_frequency_lex_emb_norm,9047.310497382248,scientist,-0.1501441583046939,-0.0158568737460529,-0.141599970511873,-0.0037246554217631,-0.0038451063630372
google_gemma-3-4b-pt,selected_mixed_random_slopes__candidate__0__log_frequency_lex_emb_norm,9047.310497382248,scrivener,0.2280802408714883,0.0971287865838506,-0.2023227026056973,0.1266262629953679,-0.1066812605170896
google_gemma-3-4b-pt,selected_mixed_random_slopes__candidate__0__log_frequency_lex_emb_norm,9047.310497382248,sergeant,0.7352396551205133,0.0019555146447612,-0.3733160538110892,0.0601133076324112,-0.0105318199708886
google_gemma-3-4b-pt,selected_mixed_random_slopes__candidate__0__log_frequency_lex_emb_norm,9047.310497382248,soldier,1.1675462355667712,0.1053978628841701,0.0034927326802113,0.1320141494202672,0.0057780699091465
google_gemma-3-4b-pt,selected_mixed_random_slopes__candidate__0__log_frequency_lex_emb_norm,9047.310497382248,solicitor,-0.318653557518113,-0.1225640230913465,-0.1298824003962224,-0.0280155924063548,-0.0654906548602208
google_gemma-3-4b-pt,selected_mixed_random_slopes__candidate__0__log_frequency_lex_emb_norm,9047.310497382248,teacher,-1.4196986286671132,-0.1255093543586588,0.178819062196883,0.0049864587612881,-0.0425081515118979
google_gemma-3-4b-pt,selected_mixed_random_slopes__candidate__0__log_frequency_lex_emb_norm,9047.310497382248,tradesperson,0.0434620073386887,0.0253431157269923,0.192143837928902,0.0108713943603194,-0.0195657322253653
google_gemma-3-4b-pt,selected_mixed_random_slopes__candidate__0__log_frequency_lex_emb_norm,9047.310497382248,welder,0.5875582455799214,-0.0011897529526015,-0.2161995002959686,0.0792690998979171,0.0790191337720662
gpt2,selected_mixed_random_slopes__candidate__0__C_tense_log_frequency,4984.638448260695,CEO,0.9561263512139916,-0.08996498369703,0.3067048276137002,0.0112141747474969,0.0559904148355744
gpt2,selected_mixed_random_slopes__candidate__0__C_tense_log_frequency,4984.638448260695,accountant,-0.7927563191888239,0.0256661681115774,0.020070262340543,-0.0146162118498589,0.0063035121811452
gpt2,selected_mixed_random_slopes__candidate__0__C_tense_log_frequency,4984.638448260695,administrator,-1.4913303040304944,0.0429899760145642,0.235296224884172,-0.0119107978183748,-0.0304534302649771
gpt2,selected_mixed_random_slopes__candidate__0__C_tense_log_frequency,4984.638448260695,agronomist,0.3146146286249294,0.0096543160675573,0.158128141815131,-0.0039320758760366,-0.0365316907276529
gpt2,selected_mixed_random_slopes__candidate__0__C_tense_log_frequency,4984.638448260695,binman,1.286597315120433,-0.0060123691597171,0.1191455442645026,0.0692840070629316,0.0245790845714867
gpt2,selected_mixed_random_slopes__candidate__0__C_tense_log_frequency,4984.638448260695,bodyguard,1.326757703088897,0.0620102983049303,0.2775606522125372,0.0280563695888591,0.0439333827219797
gpt2,selected_mixed_random_slopes__candidate__0__C_tense_log_frequency,4984.638448260695,bookbinder,-1.6951132779451308,0.0592333193858343,-0.2623601999687999,0.0103515983631033,-0.019486958795089
gpt2,selected_mixed_random_slopes__candidate__0__C_tense_log_frequency,4984.638448260695,builder,-0.1182890639601382,-0.0282919251396724,-0.1639628436192423,-0.0010098884004911,-0.0018119190288296
gpt2,selected_mixed_random_slopes__candidate__0__C_tense_log_frequency,4984.638448260695,cashier,-0.4432270241207005,0.0148222238215031,-0.0043294395010142,0.0435438182715223,0.0175669868455376
gpt2,selected_mixed_random_slopes__candidate__0__C_tense_log_frequency,4984.638448260695,chauffeur,0.5356787975641025,-0.0257101030873447,-0.1908750410181229,0.0622925793193824,0.0211199980988606
gpt2,selected_mixed_random_slopes__candidate__0__C_tense_log_frequency,4984.638448260695,colonel,1.008814539278648,-0.0265335854721031,-0.1202910336719711,0.0112516768809455,-0.0279635592408446
gpt2,selected_mixed_random_slopes__candidate__0__C_tense_log_frequency,4984.638448260695,doctor,0.211236171752764,0.0745979300961703,0.193058926873224,0.0417495865017732,0.0203664209910563
gpt2,selected_mixed_random_slopes__candidate__0__C_tense_log_frequency,4984.638448260695,electrician,0.7312671975129408,-0.0274252557766081,-0.0629337317788353,-0.0425638221410232,0.0482504171657695
gpt2,selected_mixed_random_slopes__candidate__0__C_tense_log_frequency,4984.638448260695,farmer,1.10754039995536,-0.0229469213119107,-0.2868223990604848,0.0615536761351,0.0386434728863007
gpt2,selected_mixed_random_slopes__candidate__0__C_tense_log_frequency,4984.638448260695,farmhand,0.6192076617179946,0.0026145643843381,0.2530552097692634,0.017074722342242,0.0314404230971764
gpt2,selected_mixed_random_slopes__candidate__0__C_tense_log_frequency,4984.638448260695,fisherman,1.3853668607495948,-0.0092868962825065,-0.0188946421152571,0.054586178209647,0.0639657368369749
gpt2,selected_mixed_random_slopes__candidate__0__C_tense_log_frequency,4984.638448260695,hawker,-0.099489603285546,-0.0137263862747547,0.2056095465926667,0.0423066636388272,0.0389584973705558
gpt2,selected_mixed_random_slopes__candidate__0__C_tense_log_frequency,4984.638448260695,housekeeper,-1.6594274991923177,-0.0351135271779413,-0.2792081893472735,0.0106353622684257,-0.0696460057577102
gpt2,selected_mixed_random_slopes__candidate__0__C_tense_log_frequency,4984.638448260695,manager,-0.0027956339751481,0.0012004884446169,0.3975353718525848,-0.0319892008807187,0.0079818819498784
gpt2,selected_mixed_random_slopes__candidate__0__C_tense_log_frequency,4984.638448260695,midwife,-2.646760169577784,0.0549354315525376,-0.6766894530744423,-0.0708934083807414,-0.0943509564776202
gpt2,selected_mixed_random_slopes__candidate__0__C_tense_log_frequency,4984.638448260695,molder,-1.010207445529009,-0.0252831774880425,-0.0206957629424507,-0.0641696172903695,-0.0155963501395751
gpt2,selected_mixed_random_slopes__candidate__0__C_tense_log_frequency,4984.638448260695,paralegal,0.2273085849497012,-0.0190890919986384,-0.0598195816870829,-0.0405244642327597,0.0221915375758482
gpt2,selected_mixed_random_slopes__candidate__0__C_tense_log_frequency,4984.638448260695,programmer,-0.0328574077400551,0.0405080914922915,0.0725912622684474,-0.0469020153490857,-0.0129950022044033
gpt2,selected_mixed_random_slopes__candidate__0__C_tense_log_frequency,4984.638448260695,salesperson,-0.5369147452925471,0.021056597064383,0.2380447443836631,-0.011139286952564,0.0024075536460112
gpt2,selected_mixed_random_slopes__candidate__0__C_tense_log_frequency,4984.638448260695,scientist,-0.2645519829468105,-0.0202940429584509,-0.1763981251820626,-0.0340125440040607,0.0058795836846275
gpt2,selected_mixed_random_slopes__candidate__0__C_tense_log_frequency,4984.638448260695,scrivener,0.5778583448901113,-0.0209712399102643,0.0178487585212934,-0.0303737151466017,-0.0533366186731746
gpt2,selected_mixed_random_slopes__candidate__0__C_tense_log_frequency,4984.638448260695,sergeant,0.0337315517778691,-0.018587072109945,-0.0353520722440238,0.0145403627609732,-0.0245519633951184
gpt2,selected_mixed_random_slopes__candidate__0__C_tense_log_frequency,4984.638448260695,soldier,1.3128763303695332,-0.0186398923270741,-0.0064580457130272,0.0235921013963682,-0.0289927075307395
gpt2,selected_mixed_random_slopes__candidate__0__C_tense_log_frequency,4984.638448260695,solicitor,-1.118763901995026,0.030755500088401,-0.0749018545384801,-0.0946762356413131,-0.0481915507291451
gpt2,selected_mixed_random_slopes__candidate__0__C_tense_log_frequency,4984.638448260695,teacher,-1.3853356222622917,0.0143903871248005,-0.0781227568094846,0.0232152167438921,-0.0286238235745886
gpt2,selected_mixed_random_slopes__candidate__0__C_tense_log_frequency,4984.638448260695,tradesperson,-0.0168834310140125,-0.0006259706262519,0.3707058429502882,-0.0489347189035872,-0.0131183717405423
gpt2,selected_mixed_random_slopes__candidate__0__C_tense_log_frequency,4984.638448260695,welder,1.6797209918704,-0.0459328511334345,-0.3472401442148208,0.0223999086046496,0.0560720037794696
mistralai_Mistral-7B-v0.3,selected_mixed_random_slopes__candidate__0__C_syntactic_role_log_frequency,12986.650567079923,CEO,-0.5223165992205628,-0.0094536350677618,0.0758716536765331,-0.0797362430728146,0.0188556620870789
mistralai_Mistral-7B-v0.3,selected_mixed_random_slopes__candidate__0__C_syntactic_role_log_frequency,12986.650567079923,accountant,-0.0190437337258343,0.0018619145862482,0.157985397848555,0.0078089458265001,0.0291753143339109
mistralai_Mistral-7B-v0.3,selected_mixed_random_slopes__candidate__0__C_syntactic_role_log_frequency,12986.650567079923,administrator,-0.1043452541088553,-0.0230500811046606,-0.4132914829611815,-0.0775036682112582,-0.0476468504233806
mistralai_Mistral-7B-v0.3,selected_mixed_random_slopes__candidate__0__C_syntactic_role_log_frequency,12986.650567079923,agronomist,0.4384008915198181,-0.0009622387221004,-0.0814306678547508,0.0101085025849241,0.0127218525252829
mistralai_Mistral-7B-v0.3,selected_mixed_random_slopes__candidate__0__C_syntactic_role_log_frequency,12986.650567079923,binman,1.0496124089205905,-0.0193149770644221,-0.1761754780857362,0.0329212094393182,0.0697801126103697
mistralai_Mistral-7B-v0.3,selected_mixed_random_slopes__candidate__0__C_syntactic_role_log_frequency,12986.650567079923,bodyguard,-0.1665122102901666,0.0399339813386031,0.5511097295884422,0.045866134639652,0.0101305587381761
mistralai_Mistral-7B-v0.3,selected_mixed_random_slopes__candidate__0__C_syntactic_role_log_frequency,12986.650567079923,bookbinder,0.3147529576695711,0.033771542911823,-0.1931777654259175,0.0785607313231959,-0.0715525866741213
mistralai_Mistral-7B-v0.3,selected_mixed_random_slopes__candidate__0__C_syntactic_role_log_frequency,12986.650567079923,builder,1.1268812210254733,0.0474076313465286,0.0599384398803216,0.2535872429792646,-0.0566247474503073
mistralai_Mistral-7B-v0.3,selected_mixed_random_slopes__candidate__0__C_syntactic_role_log_frequency,12986.650567079923,cashier,-1.514396606481008,-0.036529668652326,-0.0293051340925426,-0.1811170376527315,-0.0006480487184109
mistralai_Mistral-7B-v0.3,selected_mixed_random_slopes__candidate__0__C_syntactic_role_log_frequency,12986.650567079923,chauffeur,1.336248641996887,0.0616633749356937,-0.0280031053487716,0.1397143271540334,-0.0147444661330006
mistralai_Mistral-7B-v0.3,selected_mixed_random_slopes__candidate__0__C_syntactic_role_log_frequency,12986.650567079923,colonel,1.192457779642427,0.1007195808596876,0.1135475382015422,0.027109538484937,0.0130766620811987
mistralai_Mistral-7B-v0.3,selected_mixed_random_slopes__candidate__0__C_syntactic_role_log_frequency,12986.650567079923,doctor,0.1496712808809813,-0.0455311637874583,-0.2213659186328651,-0.0568087367746585,0.0324690382788124
mistralai_Mistral-7B-v0.3,selected_mixed_random_slopes__candidate__0__C_syntactic_role_log_frequency,12986.650567079923,electrician,1.0032982265854238,0.0906961861241166,0.3075246337697361,0.0900753513942255,-0.0275719856103094
mistralai_Mistral-7B-v0.3,selected_mixed_random_slopes__candidate__0__C_syntactic_role_log_frequency,12986.650567079923,farmer,0.5576207192968374,0.0521910652055935,-0.048377772139083,0.025307154769285,-0.0343293072668969
mistralai_Mistral-7B-v0.3,selected_mixed_random_slopes__candidate__0__C_syntactic_role_log_frequency,12986.650567079923,farmhand,-0.3080444307069415,-0.0158595505206813,0.1271279032919532,-0.0632500089791324,0.1020239926761868
mistralai_Mistral-7B-v0.3,selected_mixed_random_slopes__candidate__0__C_syntactic_role_log_frequency,12986.650567079923,fisherman,1.7502884466799844,0.0378224140168582,0.0143784644455471,0.0621708434353259,0.0874067716266422
mistralai_Mistral-7B-v0.3,selected_mixed_random_slopes__candidate__0__C_syntactic_role_log_frequency,12986.650567079923,hawker,-0.1025494776170397,0.0652602129162217,0.3624118863692755,-0.0638735748422008,0.0135937267300822
mistralai_Mistral-7B-v0.3,selected_mixed_random_slopes__candidate__0__C_syntactic_role_log_frequency,12986.650567079923,housekeeper,-3.1293326844097806,-0.1769363620293045,-0.0402847421295784,-0.2005762611272365,0.0397046790536838
mistralai_Mistral-7B-v0.3,selected_mixed_random_slopes__candidate__0__C_syntactic_role_log_frequency,12986.650567079923,manager,0.0362581000062102,0.0063685544393559,-0.0245596035896808,0.0047708808519554,-0.0005661540400221
mistralai_Mistral-7B-v0.3,selected_mixed_random_slopes__candidate__0__C_syntactic_role_log_frequency,12986.650567079923,midwife,-4.060187323337144,-0.2107243510279866,0.1281639837234301,-0.2473129176089946,0.0588435781675458
mistralai_Mistral-7B-v0.3,selected_mixed_random_slopes__candidate__0__C_syntactic_role_log_frequency,12986.650567079923,molder,-0.1963167831842628,0.0318942720152576,-0.1280717549541555,-0.0205362354466661,-0.0986737423657617
mistralai_Mistral-7B-v0.3,selected_mixed_random_slopes__candidate__0__C_syntactic_role_log_frequency,12986.650567079923,paralegal,-1.318268840534499,-0.0717054458539809,-0.0453970624783261,-0.0584703942472001,-0.0578898225996952
mistralai_Mistral-7B-v0.3,selected_mixed_random_slopes__candidate__0__C_syntactic_role_log_frequency,12986.650567079923,programmer,0.5666420195872687,0.0148553383534334,0.2184691310199908,0.086920709324778,0.1174671646286573
mistralai_Mistral-7B-v0.3,selected_mixed_random_slopes__candidate__0__C_syntactic_role_log_frequency,12986.650567079923,salesperson,-0.7544666351437366,-0.0722683053400295,-0.103170054818254,-0.10026749251403,0.0456987316051316
mistralai_Mistral-7B-v0.3,selected_mixed_random_slopes__candidate__0__C_syntactic_role_log_frequency,12986.650567079923,scientist,-0.3894236180584532,-0.0826708698751483,-0.1443894513171748,-0.0837843988521068,0.0622598167857504
mistralai_Mistral-7B-v0.3,selected_mixed_random_slopes__candidate__0__C_syntactic_role_log_frequency,12986.650567079923,scrivener,1.544027525126277,0.0895943653658301,-0.252882000027074,0.2077770698471341,-0.149504030123332
mistralai_Mistral-7B-v0.3,selected_mixed_random_slopes__candidate__0__C_syntactic_role_log_frequency,12986.650567079923,sergeant,1.1509292814690275,0.0332049480175391,-0.1994035844861831,0.058944114153829,-0.0455312798814005
mistralai_Mistral-7B-v0.3,selected_mixed_random_slopes__candidate__0__C_syntactic_role_log_frequency,12986.650567079923,soldier,0.5789615057339684,0.0949234660559778,0.2501041339602123,0.1411848516891106,-0.1013735250843386
mistralai_Mistral-7B-v0.3,selected_mixed_random_slopes__candidate__0__C_syntactic_role_log_frequency,12986.650567079923,solicitor,0.2822703383935538,-0.0423561985035545,-0.252997505690508,-0.0322289818545747,0.0223616549660545
mistralai_Mistral-7B-v0.3,selected_mixed_random_slopes__candidate__0__C_syntactic_role_log_frequency,12986.650567079923,teacher,-1.232197969258578,-0.0479707724538775,-0.0957149699337591,-0.091280921032758,-0.0186803043078722
mistralai_Mistral-7B-v0.3,selected_mixed_random_slopes__candidate__0__C_syntactic_role_log_frequency,12986.650567079923,tradesperson,-0.0161813151268205,0.0116415872430025,0.0551516607597021,0.0297340259462969,-0.0323186176129609
mistralai_Mistral-7B-v0.3,selected_mixed_random_slopes__candidate__0__C_syntactic_role_log_frequency,12986.650567079923,welder,0.7552621364037737,0.0415231842580748,0.0562134974290394,0.0541852383523706,0.0220861513997236
